0;1.01;goffard;1;0.1;4;512;1.0766716671667167;19.427318811416626
0;1.02;goffard;1;0.1;4;512;1.0792589258925893;19.126080751419067
0;1.03;goffard;1;0.1;4;512;1.081050105010501;18.353224754333496
0;1.04;goffard;1;0.1;4;512;1.0754775477547756;18.114349126815796
0;1.05;goffard;1;0.1;4;512;1.0822442244224422;18.08283305168152
0;1.06;goffard;1;0.1;4;512;1.0866226622662267;17.743488073349
0;1.07;goffard;1;0.1;4;512;1.0882148214821483;18.022655725479126
0;1.08;goffard;1;0.1;4;512;1.09000600060006;17.613712310791016
0;1.09;goffard;1;0.1;4;512;1.097170717071707;17.628374814987183
0;1.1;goffard;1;0.1;4;512;1.1063256325632564;17.335458278656006
0;1.11;goffard;1;0.1;4;512;1.097966796679668;17.44505000114441
0;1.12;goffard;1;0.1;4;512;1.1089128912891288;17.61294460296631
0;1.13;goffard;1;0.1;4;512;1.1122962296229624;17.578442335128784
0;1.1400000000000001;goffard;1;0.1;4;512;1.1254315431543154;17.870277643203735
0;1.15;goffard;1;0.1;4;512;1.1435423542354235;17.631381034851074
0;1.16;goffard;1;0.1;4;512;1.1548864886488648;17.523609399795532
0;1.17;goffard;1;0.1;4;512;1.1616531653165316;17.50991940498352
0;1.18;goffard;1;0.1;4;512;1.1724002400240023;17.360790729522705
0;1.19;goffard;1;0.1;4;512;1.1889188918891889;16.77464270591736
0;1.2;goffard;1;0.1;4;512;1.1956855685568557;17.199362993240356
0;1.21;goffard;1;0.1;4;512;1.2108110811081108;16.97288465499878
0;1.22;goffard;1;0.1;4;512;1.2157865786578659;16.790419340133667
0;1.23;goffard;1;0.1;4;512;1.231111111111111;16.772550582885742
0;1.24;goffard;1;0.1;4;512;1.2422562256225622;16.772058486938477
0;1.25;goffard;1;0.1;4;512;1.2482268226822681;16.545099020004272
0;1.26;goffard;1;0.1;4;512;1.2617601760176018;16.46362805366516
0;1.27;goffard;1;0.1;4;512;1.271114111411141;16.825472593307495
0;1.28;goffard;1;0.1;4;512;1.2766866686668668;16.812903881072998
0;1.29;goffard;1;0.1;4;512;1.2828562856285628;16.389426231384277
0;1.3;goffard;1;0.1;4;512;1.2936033603360335;16.093884706497192
0;1.31;goffard;1;0.1;4;512;1.3053455345534553;15.697807550430298
0;1.32;goffard;1;0.1;4;512;1.3162916291629163;16.11491894721985
0;1.33;goffard;1;0.1;4;512;1.3248494849484949;16.242785692214966
0;1.34;goffard;1;0.1;4;512;1.3338053805380539;15.898678302764893
0;1.35;goffard;1;0.1;4;512;1.3427612761276126;15.683522462844849
0;1.36;goffard;1;0.1;4;512;1.3541054105410542;15.465820550918579
0;1.37;goffard;1;0.1;4;512;1.3624642464246426;16.050803899765015
0;1.38;goffard;1;0.1;4;512;1.375002500250025;15.52060055732727
0;1.3900000000000001;goffard;1;0.1;4;512;1.3827642764276429;15.824169158935547
0;1.4;goffard;1;0.1;4;512;1.3925162516251626;15.489603519439697
0;1.4100000000000001;goffard;1;0.1;4;512;1.4040594059405942;16.148924112319946
0;1.42;goffard;1;0.1;4;512;1.415005500550055;16.546502113342285
0;1.43;goffard;1;0.1;4;512;1.4251555155515552;16.070391416549683
0;1.44;goffard;1;0.1;4;512;1.4333153315331533;16.649599313735962
0;1.45;goffard;1;0.1;4;512;1.445057505750575;16.85994243621826
0;1.46;goffard;1;0.1;4;512;1.4567996799679968;17.233781576156616
0;1.47;goffard;1;0.1;4;512;1.466949694969497;16.7311794757843
0;1.48;goffard;1;0.1;4;512;1.476104610461046;17.809603691101074
0;1.49;goffard;1;0.1;4;512;1.4884438443844386;18.117695569992065
0;1.5;goffard;1;0.1;4;512;1.5013801380138014;20.0650315284729
0;1.51;goffard;1;0.1;4;512;1.5077487748774878;19.056540489196777
0;1.52;goffard;1;0.1;4;512;1.5192919291929194;20.819788932800293
0;1.53;goffard;1;0.1;4;512;1.5304370437043704;23.031088829040527
0;1.54;goffard;1;0.1;4;512;1.5393929392939294;26.051893949508667
0;1.55;goffard;1;0.1;4;512;1.5529262926292628;23.721052885055542
0;1.56;goffard;1;0.1;4;512;1.5594939493949393;25.493769884109497
0;1.57;goffard;1;0.1;4;512;1.5716341634163418;27.237513065338135
0;1.58;goffard;1;0.1;4;512;1.5784008400840084;31.07148814201355
0;1.5899999999999999;goffard;1;0.1;4;512;1.5917351735173517;33.66213917732239
0;1.6;goffard;1;0.1;4;512;1.6012881288128813;32.45472550392151
0;1.6099999999999999;goffard;1;0.1;4;512;1.6096469646964695;36.010385036468506
0;1.62;goffard;1;0.1;4;512;1.62019501950195;28.809589862823486
0;1.63;goffard;1;0.1;4;512;1.6301460146014601;38.296520709991455
0;1.6400000000000001;goffard;1;0.1;4;512;1.645072507250725;67.07374382019043
0;1.65;goffard;1;0.1;4;512;1.6516401640164018;48.33552265167236
0;1.6600000000000001;goffard;1;0.1;4;512;1.65999899989999;64.88878583908081
0;1.67;goffard;1;0.1;4;512;1.6705470547054704;49.04034495353699
0;1.6800000000000002;goffard;1;0.1;4;512;1.6804980498049806;53.03016781806946
0;1.69;goffard;1;0.1;4;512;1.6912451245124513;51.74423170089722
0;1.7000000000000002;goffard;1;0.1;4;512;1.7004000400040002;37.61003661155701
0;1.71;goffard;1;0.1;4;512;1.7095549554955496;59.89581894874573
0;1.72;goffard;1;0.1;4;512;1.7197049704970497;83.55665826797485
0;1.73;goffard;1;0.1;4;512;1.7302530253025301;75.20381426811218
0;1.74;goffard;1;0.1;4;512;1.74000500050005;62.09172534942627
0;1.75;goffard;1;0.1;4;512;1.7531403140314032;55.541871070861816
0;1.76;goffard;1;0.1;4;512;1.762892289228923;65.7755241394043
0;1.77;goffard;1;0.1;4;512;1.7712511251125114;54.90682315826416
0;1.78;goffard;1;0.1;4;512;1.7845854585458545;67.76659774780273
0;1.79;goffard;1;0.1;4;512;1.794934493449345;56.95083498954773
0;1.8;goffard;1;0.1;4;512;1.8005070507050704;57.01897096633911
0;1.81;goffard;1;0.1;4;512;1.8102590259025901;107.09957933425903
0;1.82;goffard;1;0.1;4;512;1.8223992399239926;74.33551478385925
0;1.83;goffard;1;0.1;4;512;1.8373257325732573;78.2220230102539
0;1.84;goffard;1;0.1;4;512;1.8460826082608262;58.37339806556702
0;1.85;goffard;1;0.1;4;512;1.8532473247324732;67.45243811607361
0;1.8599999999999999;goffard;1;0.1;4;512;1.8628002800280028;90.83119440078735
0;1.87;goffard;1;0.1;4;512;1.8717561756175618;63.93988513946533
0;1.88;goffard;1;0.1;4;512;1.8864836483648366;104.42942953109741
0;1.8900000000000001;goffard;1;0.1;4;512;1.8942454245424543;67.9587914943695
0;1.9;goffard;1;0.1;4;512;1.905191519151915;67.05747199058533
0;1.9100000000000001;goffard;1;0.1;4;512;1.914147414741474;58.471872329711914
0;1.92;goffard;1;0.1;4;512;1.9225062506250625;110.1088376045227
0;1.9300000000000002;goffard;1;0.1;4;512;1.934049404940494;67.23548007011414
0;1.94;goffard;1;0.1;4;512;1.9436023602360235;91.11348748207092
0;1.9500000000000002;goffard;1;0.1;4;512;1.9505680568056807;83.97728872299194
0;1.96;goffard;1;0.1;4;512;1.9607180718071806;65.7524311542511
0;1.97;goffard;1;0.1;4;512;1.9748484848484849;76.05378890037537
0;1.98;goffard;1;0.1;4;512;1.984998499849985;84.71185183525085
0;1.99;goffard;1;0.1;4;512;1.9951485148514851;75.68645524978638
0;2.0;goffard;1;0.1;4;512;2.0072887288728873;76.20065069198608
1;1.01;goffard;1;0.1;4;512;1.0734873487348735;19.54218029975891
1;1.02;goffard;1;0.1;4;512;1.0744824482448245;19.71450662612915
1;1.03;goffard;1;0.1;4;512;1.0766716671667167;19.63000798225403
1;1.04;goffard;1;0.1;4;512;1.0802540254025403;19.391361713409424
1;1.05;goffard;1;0.1;4;512;1.0848314831483148;18.929391860961914
1;1.06;goffard;1;0.1;4;512;1.0806520652065206;18.54668951034546
1;1.07;goffard;1;0.1;4;512;1.0884138413841384;18.0007586479187
1;1.08;goffard;1;0.1;4;512;1.0931903190319032;18.819145917892456
1;1.09;goffard;1;0.1;4;512;1.094981498149815;18.26413345336914
1;1.1;goffard;1;0.1;4;512;1.1005540554055406;18.443074464797974
1;1.11;goffard;1;0.1;4;512;1.1013501350135013;17.885252714157104
1;1.12;goffard;1;0.1;4;512;1.1089128912891288;17.60589051246643
1;1.13;goffard;1;0.1;4;512;1.112097209720972;17.138354778289795
1;1.1400000000000001;goffard;1;0.1;4;512;1.128018801880188;17.908469676971436
1;1.15;goffard;1;0.1;4;512;1.136178617861786;17.896864414215088
1;1.16;goffard;1;0.1;4;512;1.1497119711971198;17.806827783584595
1;1.17;goffard;1;0.1;4;512;1.1678227822782279;17.665126085281372
1;1.18;goffard;1;0.1;4;512;1.1714051405140515;17.181485176086426
1;1.19;goffard;1;0.1;4;512;1.1861326132613261;17.299158573150635
1;1.2;goffard;1;0.1;4;512;1.202054205420542;18.575576066970825
1;1.21;goffard;1;0.1;4;512;1.208820882088209;17.915738582611084
1;1.22;goffard;1;0.1;4;512;1.220961096109611;17.306714057922363
1;1.23;goffard;1;0.1;4;512;1.2307130713071308;17.322188138961792
1;1.24;goffard;1;0.1;4;512;1.2386738673867388;16.42905616760254
1;1.25;goffard;1;0.1;4;512;1.2486248624862486;16.175309419631958
1;1.26;goffard;1;0.1;4;512;1.2577797779777977;16.43539810180664
1;1.27;goffard;1;0.1;4;512;1.2655415541554156;16.89610743522644
1;1.28;goffard;1;0.1;4;512;1.2784778477847785;16.50693130493164
1;1.29;goffard;1;0.1;4;512;1.288826882688269;16.735682725906372
1;1.3;goffard;1;0.1;4;512;1.2985788578857886;16.56835913658142
1;1.31;goffard;1;0.1;4;512;1.3079327932793279;16.27702283859253
1;1.32;goffard;1;0.1;4;512;1.3174857485748575;16.391205310821533
1;1.33;goffard;1;0.1;4;512;1.3298249824982498;15.91781759262085
1;1.34;goffard;1;0.1;4;512;1.3397759775977598;16.53385019302368
1;1.35;goffard;1;0.1;4;512;1.3503240324032404;16.194263458251953
1;1.36;goffard;1;0.1;4;512;1.3606730673067307;15.805064678192139
1;1.37;goffard;1;0.1;4;512;1.369031903190319;16.064295768737793
1;1.38;goffard;1;0.1;4;512;1.380973097309731;15.863508462905884
1;1.3900000000000001;goffard;1;0.1;4;512;1.3907250725072506;16.021931409835815
1;1.4;goffard;1;0.1;4;512;1.3994819481948195;16.140302658081055
1;1.4100000000000001;goffard;1;0.1;4;512;1.4126172617261727;15.885064601898193
1;1.42;goffard;1;0.1;4;512;1.4193839383938394;16.98510432243347
1;1.43;goffard;1;0.1;4;512;1.42993199319932;16.575437784194946
1;1.44;goffard;1;0.1;4;512;1.4408780878087808;16.10545802116394
1;1.45;goffard;1;0.1;4;512;1.4490379037903791;16.331764698028564
1;1.46;goffard;1;0.1;4;512;1.4552075207520752;16.838090896606445
1;1.47;goffard;1;0.1;4;512;1.467944794479448;16.64163589477539
1;1.48;goffard;1;0.1;4;512;1.4784928492849285;16.745155811309814
1;1.49;goffard;1;0.1;4;512;1.4872497249724972;17.8426833152771
1;1.5;goffard;1;0.1;4;512;1.4987928792879288;17.912425994873047
1;1.51;goffard;1;0.1;4;512;1.5095399539953995;18.402257442474365
1;1.52;goffard;1;0.1;4;512;1.5188938893889388;18.885536432266235
1;1.53;goffard;1;0.1;4;512;1.5298399839983998;20.733172178268433
1;1.54;goffard;1;0.1;4;512;1.5399899989999;19.7095787525177
1;1.55;goffard;1;0.1;4;512;1.5499409940994098;20.7691752910614
1;1.56;goffard;1;0.1;4;512;1.5592949294929492;21.07126784324646
1;1.57;goffard;1;0.1;4;512;1.5692459245924593;22.496458292007446
1;1.58;goffard;1;0.1;4;512;1.5797939793979396;24.99813985824585
1;1.5899999999999999;goffard;1;0.1;4;512;1.588948894889489;23.91491198539734
1;1.6;goffard;1;0.1;4;512;1.597108710871087;29.0569167137146
1;1.6099999999999999;goffard;1;0.1;4;512;1.6062636263626362;27.33622169494629
1;1.62;goffard;1;0.1;4;512;1.6162146214621462;31.049417972564697
1;1.63;goffard;1;0.1;4;512;1.6275587558755875;35.127793312072754
1;1.6400000000000001;goffard;1;0.1;4;512;1.6400970097009702;41.33391499519348
1;1.65;goffard;1;0.1;4;512;1.649052905290529;40.195576190948486
1;1.6600000000000001;goffard;1;0.1;4;512;1.6572127212721273;59.20106220245361
1;1.67;goffard;1;0.1;4;512;1.6715421542154214;63.514800786972046
1;1.6800000000000002;goffard;1;0.1;4;512;1.6808960896089609;56.53808331489563
1;1.69;goffard;1;0.1;4;512;1.6870657065706571;64.651695728302
1;1.7000000000000002;goffard;1;0.1;4;512;1.700997099709971;53.8322548866272
1;1.71;goffard;1;0.1;4;512;1.7101520152015202;61.287020683288574
1;1.72;goffard;1;0.1;4;512;1.7212971297129713;48.49862456321716
1;1.73;goffard;1;0.1;4;512;1.7304520452045205;55.01853966712952
1;1.74;goffard;1;0.1;4;512;1.744980498049805;48.61145353317261
1;1.75;goffard;1;0.1;4;512;1.7557275727572756;49.96057653427124
1;1.76;goffard;1;0.1;4;512;1.762892289228923;55.732643604278564
1;1.77;goffard;1;0.1;4;512;1.7726442644264426;62.36587357521057
1;1.78;goffard;1;0.1;4;512;1.7831923192319232;56.312966108322144
1;1.79;goffard;1;0.1;4;512;1.7927452745274528;60.983739376068115
1;1.8;goffard;1;0.1;4;512;1.8011041104110412;89.48848104476929
1;1.81;goffard;1;0.1;4;512;1.8148364836483648;74.65109777450562
1;1.82;goffard;1;0.1;4;512;1.8235933593359337;58.63238739967346
1;1.83;goffard;1;0.1;4;512;1.8357335733573357;80.7700879573822
1;1.84;goffard;1;0.1;4;512;1.844092409240924;63.0950710773468
1;1.85;goffard;1;0.1;4;512;1.8538443844384438;89.86142992973328
1;1.8599999999999999;goffard;1;0.1;4;512;1.86001400140014;80.89916276931763
1;1.87;goffard;1;0.1;4;512;1.870960096009601;64.87471580505371
1;1.88;goffard;1;0.1;4;512;1.8848914891489148;66.60762000083923
1;1.8900000000000001;goffard;1;0.1;4;512;1.8914591459145913;65.81696248054504
1;1.9;goffard;1;0.1;4;512;1.9065846584658466;71.97425079345703
1;1.9100000000000001;goffard;1;0.1;4;512;1.911958195819582;91.1748034954071
1;1.92;goffard;1;0.1;4;512;1.9203170317031704;55.11601400375366
1;1.9300000000000002;goffard;1;0.1;4;512;1.9332533253325332;64.47327876091003
1;1.94;goffard;1;0.1;4;512;1.9408160816081608;88.78330850601196
1;1.9500000000000002;goffard;1;0.1;4;512;1.9553445344534452;64.40111422538757
1;1.96;goffard;1;0.1;4;512;1.9672857285728573;59.21932244300842
1;1.97;goffard;1;0.1;4;512;1.9772367236723674;77.93126082420349
1;1.98;goffard;1;0.1;4;512;1.9834063406340634;82.03502440452576
1;1.99;goffard;1;0.1;4;512;1.9983328332833283;102.11487889289856
1;2.0;goffard;1;0.1;4;512;2.0066916691669165;76.15669775009155
2;1.01;goffard;1;0.1;4;512;1.075079507950795;19.541579484939575
2;1.02;goffard;1;0.1;4;512;1.0760746074607461;20.836652278900146
2;1.03;goffard;1;0.1;4;512;1.0768706870687068;19.509323120117188
2;1.04;goffard;1;0.1;4;512;1.0816471647164716;19.597733974456787
2;1.05;goffard;1;0.1;4;512;1.0822442244224422;19.920215606689453
2;1.06;goffard;1;0.1;4;512;1.0902050205020501;19.845974683761597
2;1.07;goffard;1;0.1;4;512;1.0908020802080207;18.725196361541748
2;1.08;goffard;1;0.1;4;512;1.0864236423642364;18.278777360916138
2;1.09;goffard;1;0.1;4;512;1.098961896189619;18.185423374176025
2;1.1;goffard;1;0.1;4;512;1.0945834583458347;18.281742572784424
2;1.11;goffard;1;0.1;4;512;1.0943844384438444;19.708747386932373
2;1.12;goffard;1;0.1;4;512;1.106126612661266;18.415266036987305
2;1.13;goffard;1;0.1;4;512;1.115082508250825;18.099342107772827
2;1.1400000000000001;goffard;1;0.1;4;512;1.1276207620762075;18.819140672683716
2;1.15;goffard;1;0.1;4;512;1.1405570557055706;18.71604633331299
2;1.16;goffard;1;0.1;4;512;1.1497119711971198;18.318466424942017
2;1.17;goffard;1;0.1;4;512;1.1622502250225022;17.727773427963257
2;1.18;goffard;1;0.1;4;512;1.176181618161816;17.44647526741028
2;1.19;goffard;1;0.1;4;512;1.1897149714971498;17.413572788238525
2;1.2;goffard;1;0.1;4;512;1.1996659665966596;17.731369733810425
2;1.21;goffard;1;0.1;4;512;1.21001500150015;18.92484402656555
2;1.22;goffard;1;0.1;4;512;1.2211601160116012;17.657448768615723
2;1.23;goffard;1;0.1;4;512;1.2313101310131014;17.57744526863098
2;1.24;goffard;1;0.1;4;512;1.2438483848384838;17.241889238357544
2;1.25;goffard;1;0.1;4;512;1.2534013401340134;17.358088970184326
2;1.26;goffard;1;0.1;4;512;1.262954295429543;16.826319694519043
2;1.27;goffard;1;0.1;4;512;1.2725072507250725;16.906964778900146
2;1.28;goffard;1;0.1;4;512;1.2824582458245826;16.644731044769287
2;1.29;goffard;1;0.1;4;512;1.2942004200420043;16.34087371826172
2;1.3;goffard;1;0.1;4;512;1.3023602360236024;16.721418142318726
2;1.31;goffard;1;0.1;4;512;1.3137043704370437;16.55420422554016
2;1.32;goffard;1;0.1;4;512;1.3212671267126712;18.111154317855835
2;1.33;goffard;1;0.1;4;512;1.3316161616161617;16.532642126083374
2;1.34;goffard;1;0.1;4;512;1.340970097009701;16.64985728263855
2;1.35;goffard;1;0.1;4;512;1.350921092109211;16.23991346359253
2;1.36;goffard;1;0.1;4;512;1.3636583658365837;16.438640117645264
2;1.37;goffard;1;0.1;4;512;1.369031903190319;16.303848028182983
2;1.38;goffard;1;0.1;4;512;1.3785848584858487;16.331028699874878
2;1.3900000000000001;goffard;1;0.1;4;512;1.3907250725072506;16.529762506484985
2;1.4;goffard;1;0.1;4;512;1.3982878287828782;16.134583473205566
2;1.4100000000000001;goffard;1;0.1;4;512;1.4104280428042804;15.889949560165405
2;1.42;goffard;1;0.1;4;512;1.4171947194719472;16.09661865234375
2;1.43;goffard;1;0.1;4;512;1.4265486548654867;19.082048177719116
2;1.44;goffard;1;0.1;4;512;1.4394849484948495;16.86523199081421
2;1.45;goffard;1;0.1;4;512;1.4506300630063007;16.98505663871765
2;1.46;goffard;1;0.1;4;512;1.4585908590859087;17.659941911697388
2;1.47;goffard;1;0.1;4;512;1.467944794479448;17.927191257476807
2;1.48;goffard;1;0.1;4;512;1.4786918691869186;18.088886976242065
2;1.49;goffard;1;0.1;4;512;1.4908320832083208;18.840312480926514
2;1.5;goffard;1;0.1;4;512;1.4975987598759877;21.958959102630615
2;1.51;goffard;1;0.1;4;512;1.5083458345834584;20.10264229774475
2;1.52;goffard;1;0.1;4;512;1.519092909290929;20.09718346595764
2;1.53;goffard;1;0.1;4;512;1.5288448844884488;19.66228413581848
2;1.54;goffard;1;0.1;4;512;1.5403880388038804;22.882383823394775
2;1.55;goffard;1;0.1;4;512;1.5525282528252826;21.746887683868408
2;1.56;goffard;1;0.1;4;512;1.5612851285128513;24.81572151184082
2;1.57;goffard;1;0.1;4;512;1.5724302430243025;26.075454711914062
2;1.58;goffard;1;0.1;4;512;1.5815851585158516;28.788933277130127
2;1.5899999999999999;goffard;1;0.1;4;512;1.5905410541054106;31.784668445587158
2;1.6;goffard;1;0.1;4;512;1.5990989098909891;39.20767784118652
2;1.6099999999999999;goffard;1;0.1;4;512;1.6114381438143814;34.128878355026245
2;1.62;goffard;1;0.1;4;512;1.6197969796979699;50.91144299507141
2;1.63;goffard;1;0.1;4;512;1.6305440544054406;50.21674156188965
2;1.6400000000000001;goffard;1;0.1;4;512;1.6402960296029603;36.31087923049927
2;1.65;goffard;1;0.1;4;512;1.6486548654865487;48.9064781665802
2;1.6600000000000001;goffard;1;0.1;4;512;1.6574117411741174;54.82720470428467
2;1.67;goffard;1;0.1;4;512;1.6677607760776079;36.75469732284546
2;1.6800000000000002;goffard;1;0.1;4;512;1.6802990299029903;48.17689824104309
2;1.69;goffard;1;0.1;4;512;1.6878617861786178;42.38969659805298
2;1.7000000000000002;goffard;1;0.1;4;512;1.698210821082108;63.57021522521973
2;1.71;goffard;1;0.1;4;512;1.7089578957895788;90.3382956981659
2;1.72;goffard;1;0.1;4;512;1.7191079107910792;49.015817403793335
2;1.73;goffard;1;0.1;4;512;1.7294569456945694;56.485920906066895
2;1.74;goffard;1;0.1;4;512;1.7411991199119912;48.6346595287323
2;1.75;goffard;1;0.1;4;512;1.750951095109511;48.25664281845093
2;1.76;goffard;1;0.1;4;512;1.7613001300130013;59.89740014076233
2;1.77;goffard;1;0.1;4;512;1.7712511251125114;62.173176288604736
2;1.78;goffard;1;0.1;4;512;1.7794109410941092;87.6543197631836
2;1.79;goffard;1;0.1;4;512;1.7889638963896388;56.36809945106506
2;1.8;goffard;1;0.1;4;512;1.795929592959296;71.05381512641907
2;1.81;goffard;1;0.1;4;512;1.8052835283528352;36.19189190864563
2;1.82;goffard;1;0.1;4;512;1.8140404040404041;84.8421037197113
2;1.83;goffard;1;0.1;4;512;1.823991399139914;53.23981761932373
2;1.84;goffard;1;0.1;4;512;1.8357335733573357;69.73955631256104
2;1.85;goffard;1;0.1;4;512;1.8486698669866986;98.78108310699463
2;1.8599999999999999;goffard;1;0.1;4;512;1.8574267426742674;55.026626110076904
2;1.87;goffard;1;0.1;4;512;1.8701640164016402;60.0782835483551
2;1.88;goffard;1;0.1;4;512;1.8801150115011502;71.26247835159302
2;1.8900000000000001;goffard;1;0.1;4;512;1.8896679667966798;77.44616723060608
2;1.9;goffard;1;0.1;4;512;1.9004150415041505;60.9510657787323
2;1.9100000000000001;goffard;1;0.1;4;512;1.906982698269827;68.91088438034058
2;1.92;goffard;1;0.1;4;512;1.9171327132713272;57.41009545326233
2;1.9300000000000002;goffard;1;0.1;4;512;1.9342484248424843;70.76707792282104
2;1.94;goffard;1;0.1;4;512;1.937034703470347;60.75486087799072
2;1.9500000000000002;goffard;1;0.1;4;512;1.9503690369036903;63.31403303146362
2;1.96;goffard;1;0.1;4;512;1.9603200320032004;61.26220893859863
2;1.97;goffard;1;0.1;4;512;1.9686788678867888;65.25779891014099
2;1.98;goffard;1;0.1;4;512;1.987983798379838;97.62999701499939
2;1.99;goffard;1;0.1;4;512;1.9905710571057105;78.34339785575867
2;2.0;goffard;1;0.1;4;512;2.003109310931093;74.33953166007996
3;1.01;goffard;1;0.1;4;512;1.0772687268726873;19.848836183547974
3;1.02;goffard;1;0.1;4;512;1.0758755875587558;19.823148727416992
3;1.03;goffard;1;0.1;4;512;1.0780648064806482;19.59309411048889
3;1.04;goffard;1;0.1;4;512;1.0816471647164716;22.485139846801758
3;1.05;goffard;1;0.1;4;512;1.0806520652065206;19.857675313949585
3;1.06;goffard;1;0.1;4;512;1.0904040404040405;19.28542971611023
3;1.07;goffard;1;0.1;4;512;1.0906030603060306;19.502309799194336
3;1.08;goffard;1;0.1;4;512;1.0975687568756876;19.842726469039917
3;1.09;goffard;1;0.1;4;512;1.1017481748174818;19.50189995765686
3;1.1;goffard;1;0.1;4;512;1.0935883588358837;18.74718165397644
3;1.11;goffard;1;0.1;4;512;1.0995589558955896;18.727877616882324
3;1.12;goffard;1;0.1;4;512;1.111102110211021;18.298040866851807
3;1.13;goffard;1;0.1;4;512;1.1057285728572857;18.26314640045166
3;1.1400000000000001;goffard;1;0.1;4;512;1.1314021402140213;18.36240553855896
3;1.15;goffard;1;0.1;4;512;1.136974697469747;18.402987003326416
3;1.16;goffard;1;0.1;4;512;1.1515031503150315;18.380045413970947
3;1.17;goffard;1;0.1;4;512;1.1602600260026001;21.807250022888184
3;1.18;goffard;1;0.1;4;512;1.1704100410041005;18.29263973236084
3;1.19;goffard;1;0.1;4;512;1.1805600560056007;18.116214990615845
3;1.2;goffard;1;0.1;4;512;1.1917051705170518;18.015058755874634
3;1.21;goffard;1;0.1;4;512;1.2022532253225322;18.574431896209717
3;1.22;goffard;1;0.1;4;512;1.2153885388538854;17.921303510665894
3;1.23;goffard;1;0.1;4;512;1.224145414541454;18.046239852905273
3;1.24;goffard;1;0.1;4;512;1.2384748474847485;17.479902744293213
3;1.25;goffard;1;0.1;4;512;1.2456395639563955;17.02670693397522
3;1.26;goffard;1;0.1;4;512;1.255988598859886;17.364156007766724
3;1.27;goffard;1;0.1;4;512;1.2623572357235724;16.968498468399048
3;1.28;goffard;1;0.1;4;512;1.2756915691569157;17.213419198989868
3;1.29;goffard;1;0.1;4;512;1.2834533453345336;16.939518928527832
3;1.3;goffard;1;0.1;4;512;1.2963896389638965;16.713159799575806
3;1.31;goffard;1;0.1;4;512;1.3077337733773378;20.20285129547119
3;1.32;goffard;1;0.1;4;512;1.3204710471047105;16.998934984207153
3;1.33;goffard;1;0.1;4;512;1.325048504850485;16.549912691116333
3;1.34;goffard;1;0.1;4;512;1.3351985198519851;16.967177391052246
3;1.35;goffard;1;0.1;4;512;1.3467416741674167;16.803802490234375
3;1.36;goffard;1;0.1;4;512;1.3545034503450344;16.50379967689514
3;1.37;goffard;1;0.1;4;512;1.3676387638763876;16.645512342453003
3;1.38;goffard;1;0.1;4;512;1.3752015201520151;16.68065571784973
3;1.3900000000000001;goffard;1;0.1;4;512;1.3861476147614762;16.820319175720215
3;1.4;goffard;1;0.1;4;512;1.3933123312331233;16.360126495361328
3;1.4100000000000001;goffard;1;0.1;4;512;1.4044574457445744;16.55190396308899
3;1.42;goffard;1;0.1;4;512;1.4136123612361235;16.757689237594604
3;1.43;goffard;1;0.1;4;512;1.4227672767276727;16.60614562034607
3;1.44;goffard;1;0.1;4;512;1.4351065106510652;16.75039577484131
3;1.45;goffard;1;0.1;4;512;1.4428682868286828;21.850391149520874
3;1.46;goffard;1;0.1;4;512;1.454013401340134;17.695669651031494
3;1.47;goffard;1;0.1;4;512;1.4645614561456146;18.118982315063477
3;1.48;goffard;1;0.1;4;512;1.4753085308530853;18.58367371559143
3;1.49;goffard;1;0.1;4;512;1.4846624662466246;20.276371717453003
3;1.5;goffard;1;0.1;4;512;1.494016401640164;20.329400062561035
3;1.51;goffard;1;0.1;4;512;1.5051615161516152;20.234239101409912
3;1.52;goffard;1;0.1;4;512;1.5163066306630664;25.188146114349365
3;1.53;goffard;1;0.1;4;512;1.524864486448645;24.169429779052734
3;1.54;goffard;1;0.1;4;512;1.5372037203720372;29.53411841392517
3;1.55;goffard;1;0.1;4;512;1.5451645164516452;27.44891119003296
3;1.56;goffard;1;0.1;4;512;1.556110611061106;26.811018228530884
3;1.57;goffard;1;0.1;4;512;1.5646684668466846;25.330254077911377
3;1.58;goffard;1;0.1;4;512;1.574022402240224;29.818406343460083
3;1.5899999999999999;goffard;1;0.1;4;512;1.5863616361636164;44.189725160598755
3;1.6;goffard;1;0.1;4;512;1.595914591459146;50.83725070953369
3;1.6099999999999999;goffard;1;0.1;4;512;1.6056665666566656;36.66763687133789
3;1.62;goffard;1;0.1;4;512;1.6172097209720973;51.85621786117554
3;1.63;goffard;1;0.1;4;512;1.6237773777377738;57.396281719207764
3;1.6400000000000001;goffard;1;0.1;4;512;1.6347234723472348;42.36312484741211
3;1.65;goffard;1;0.1;4;512;1.6454705470547055;47.61993765830994
3;1.6600000000000001;goffard;1;0.1;4;512;1.6546254625462546;59.96406698226929
3;1.67;goffard;1;0.1;4;512;1.6657705770577058;47.10109901428223
3;1.6800000000000002;goffard;1;0.1;4;512;1.6741294129412942;36.54858040809631
3;1.69;goffard;1;0.1;4;512;1.6880608060806082;92.321542263031
3;1.7000000000000002;goffard;1;0.1;4;512;1.697215721572157;52.372514963150024
3;1.71;goffard;1;0.1;4;512;1.7057735773577356;80.15502214431763
3;1.72;goffard;1;0.1;4;512;1.7195059505950594;51.9487738609314
3;1.73;goffard;1;0.1;4;512;1.7298549854985499;78.09028029441833
3;1.74;goffard;1;0.1;4;512;1.7404030403040305;40.1940712928772
3;1.75;goffard;1;0.1;4;512;1.7505530553055304;72.14867830276489
3;1.76;goffard;1;0.1;4;512;1.7613001300130013;68.94419884681702
3;1.77;goffard;1;0.1;4;512;1.77005700570057;71.32606029510498
3;1.78;goffard;1;0.1;4;512;1.7784158415841584;65.28227996826172
3;1.79;goffard;1;0.1;4;512;1.7873717371737174;67.59886002540588
3;1.8;goffard;1;0.1;4;512;1.7971237123712371;75.31618595123291
3;1.81;goffard;1;0.1;4;512;1.8064776477647766;49.41484308242798
3;1.82;goffard;1;0.1;4;512;1.8218021802180218;69.58401536941528
3;1.83;goffard;1;0.1;4;512;1.8315541554155415;69.38925266265869
3;1.84;goffard;1;0.1;4;512;1.842898289828983;88.36058712005615
3;1.85;goffard;1;0.1;4;512;1.8504610461046105;57.34272050857544
3;1.8599999999999999;goffard;1;0.1;4;512;1.8616061606160614;73.14749526977539
3;1.87;goffard;1;0.1;4;512;1.8677757775777577;109.44631457328796
3;1.88;goffard;1;0.1;4;512;1.8829012901290128;59.22806215286255
3;1.8900000000000001;goffard;1;0.1;4;512;1.8912601260126012;56.162880182266235
3;1.9;goffard;1;0.1;4;512;1.904196419641964;63.35363435745239
3;1.9100000000000001;goffard;1;0.1;4;512;1.9091719171917192;62.379963636398315
3;1.92;goffard;1;0.1;4;512;1.921113111311131;66.79247260093689
3;1.9300000000000002;goffard;1;0.1;4;512;1.9314621462146215;70.04597425460815
3;1.94;goffard;1;0.1;4;512;1.939024902490249;64.90055727958679
3;1.9500000000000002;goffard;1;0.1;4;512;1.9457915791579157;109.95226883888245
3;1.96;goffard;1;0.1;4;512;1.9557425742574257;94.58385992050171
3;1.97;goffard;1;0.1;4;512;1.9714651465146513;51.78297162055969
3;1.98;goffard;1;0.1;4;512;1.9834063406340634;70.12616562843323
3;1.99;goffard;1;0.1;4;512;1.9877847784778477;101.7713372707367
3;2.0;goffard;1;0.1;4;512;1.997138713871387;107.72813010215759
4;1.01;goffard;1;0.1;4;512;1.0716961696169618;20.752063512802124
4;1.02;goffard;1;0.1;4;512;1.0754775477547756;20.701826572418213
4;1.03;goffard;1;0.1;4;512;1.0784628462846284;20.12948513031006
4;1.04;goffard;1;0.1;4;512;1.082841284128413;19.864028692245483
4;1.05;goffard;1;0.1;4;512;1.0832393239323932;19.867671728134155
4;1.06;goffard;1;0.1;4;512;1.0868216821682168;19.469170570373535
4;1.07;goffard;1;0.1;4;512;1.0838363836383638;19.19477653503418
4;1.08;goffard;1;0.1;4;512;1.096175617561756;19.12733817100525
4;1.09;goffard;1;0.1;4;512;1.0923942394239423;24.56977105140686
4;1.1;goffard;1;0.1;4;512;1.0937873787378738;19.51469588279724
4;1.11;goffard;1;0.1;4;512;1.0985638563856386;19.36713933944702
4;1.12;goffard;1;0.1;4;512;1.103937393739374;19.195874214172363
4;1.13;goffard;1;0.1;4;512;1.112097209720972;18.78302311897278
4;1.1400000000000001;goffard;1;0.1;4;512;1.1351835183518353;19.460744857788086
4;1.15;goffard;1;0.1;4;512;1.1347854785478548;20.610331535339355
4;1.16;goffard;1;0.1;4;512;1.1487168716871687;19.466906785964966
4;1.17;goffard;1;0.1;4;512;1.1576727672767277;19.770418405532837
4;1.18;goffard;1;0.1;4;512;1.1702110211021102;18.798726320266724
4;1.19;goffard;1;0.1;4;512;1.1801620162016202;18.535234451293945
4;1.2;goffard;1;0.1;4;512;1.193098309830983;18.23898434638977
4;1.21;goffard;1;0.1;4;512;1.2052385238523853;18.734577894210815
4;1.22;goffard;1;0.1;4;512;1.2141944194419443;17.79131007194519
4;1.23;goffard;1;0.1;4;512;1.2279267926792679;17.693432092666626
4;1.24;goffard;1;0.1;4;512;1.2336983698369837;17.55048370361328
4;1.25;goffard;1;0.1;4;512;1.2468336833683369;17.722875118255615
4;1.26;goffard;1;0.1;4;512;1.2563866386638665;23.962244749069214
4;1.27;goffard;1;0.1;4;512;1.2661386138613862;17.7813777923584
4;1.28;goffard;1;0.1;4;512;1.27987098709871;17.197410345077515
4;1.29;goffard;1;0.1;4;512;1.2876327632763276;17.6362886428833
4;1.3;goffard;1;0.1;4;512;1.2979817981798178;17.117265224456787
4;1.31;goffard;1;0.1;4;512;1.304947494749475;17.16594171524048
4;1.32;goffard;1;0.1;4;512;1.318082808280828;17.234195232391357
4;1.33;goffard;1;0.1;4;512;1.3288298829882987;17.22370481491089
4;1.34;goffard;1;0.1;4;512;1.3385818581858187;16.80656933784485
4;1.35;goffard;1;0.1;4;512;1.3479357935793579;16.644912481307983
4;1.36;goffard;1;0.1;4;512;1.356891689168917;17.349913597106934
4;1.37;goffard;1;0.1;4;512;1.368832883288329;17.002533197402954
4;1.38;goffard;1;0.1;4;512;1.378982898289829;16.468793869018555
4;1.3900000000000001;goffard;1;0.1;4;512;1.3893319331933194;16.757549285888672
4;1.4;goffard;1;0.1;4;512;1.3982878287828782;17.199137687683105
4;1.4100000000000001;goffard;1;0.1;4;512;1.4086368636863686;16.917805194854736
4;1.42;goffard;1;0.1;4;512;1.4175927592759276;16.989060640335083
4;1.43;goffard;1;0.1;4;512;1.4267476747674768;16.994450330734253
4;1.44;goffard;1;0.1;4;512;1.436897689768977;24.09049344062805
4;1.45;goffard;1;0.1;4;512;1.4472467246724672;17.29069709777832
4;1.46;goffard;1;0.1;4;512;1.4562026202620262;17.993391513824463
4;1.47;goffard;1;0.1;4;512;1.4645614561456146;17.562699794769287
4;1.48;goffard;1;0.1;4;512;1.4741144114411442;18.379634380340576
4;1.49;goffard;1;0.1;4;512;1.484861486148615;19.217565059661865
4;1.5;goffard;1;0.1;4;512;1.4983948394839484;19.648623943328857
4;1.51;goffard;1;0.1;4;512;1.5035693569356936;20.691455364227295
4;1.52;goffard;1;0.1;4;512;1.5125252525252524;21.377696752548218
4;1.53;goffard;1;0.1;4;512;1.523869386938694;20.51526713371277
4;1.54;goffard;1;0.1;4;512;1.5322282228222823;22.107949018478394
4;1.55;goffard;1;0.1;4;512;1.5445674567456744;22.514568567276
4;1.56;goffard;1;0.1;4;512;1.5553145314531454;24.463645696640015
4;1.57;goffard;1;0.1;4;512;1.5646684668466846;25.757473945617676
4;1.58;goffard;1;0.1;4;512;1.5734253425342535;25.216166257858276
4;1.5899999999999999;goffard;1;0.1;4;512;1.5811871187118713;28.59444808959961
4;1.6;goffard;1;0.1;4;512;1.5973077307730774;28.78999423980713
4;1.6099999999999999;goffard;1;0.1;4;512;1.607059705970597;38.25159549713135
4;1.62;goffard;1;0.1;4;512;1.614025402540254;51.925182819366455
4;1.63;goffard;1;0.1;4;512;1.6243744374437443;52.46773028373718
4;1.6400000000000001;goffard;1;0.1;4;512;1.6343254325432544;73.35867094993591
4;1.65;goffard;1;0.1;4;512;1.6426842684268426;41.34792399406433
4;1.6600000000000001;goffard;1;0.1;4;512;1.6546254625462546;72.49512386322021
4;1.67;goffard;1;0.1;4;512;1.6637803780378038;41.32113075256348
4;1.6800000000000002;goffard;1;0.1;4;512;1.6731343134313432;40.57076859474182
4;1.69;goffard;1;0.1;4;512;1.683881388138814;53.283052921295166
4;1.7000000000000002;goffard;1;0.1;4;512;1.6964196419641964;67.05239367485046
4;1.71;goffard;1;0.1;4;512;1.7035843584358434;47.6366982460022
4;1.72;goffard;1;0.1;4;512;1.713137313731373;55.40094828605652
4;1.73;goffard;1;0.1;4;512;1.723088308830883;69.30195331573486
4;1.74;goffard;1;0.1;4;512;1.732840284028403;65.31996488571167
4;1.75;goffard;1;0.1;4;512;1.7396069606960696;61.622796297073364
4;1.76;goffard;1;0.1;4;512;1.7495579557955796;53.74847769737244
4;1.77;goffard;1;0.1;4;512;1.7599069906990699;57.704527854919434
4;1.78;goffard;1;0.1;4;512;1.76985798579858;41.29312586784363
4;1.79;goffard;1;0.1;4;512;1.7776197619761978;59.26031303405762
4;1.8;goffard;1;0.1;4;512;1.7871727172717273;48.640623569488525
4;1.81;goffard;1;0.1;4;512;1.7987158715871587;48.33271503448486
4;1.82;goffard;1;0.1;4;512;1.80986098609861;68.5415952205658
4;1.83;goffard;1;0.1;4;512;1.8188168816881687;84.23586940765381
4;1.84;goffard;1;0.1;4;512;1.82996199619962;55.12689661979675
4;1.85;goffard;1;0.1;4;512;1.8325492549254925;55.972790002822876
4;1.8599999999999999;goffard;1;0.1;4;512;1.841903190319032;72.89259195327759
4;1.87;goffard;1;0.1;4;512;1.8592179217921792;66.53634214401245
4;1.88;goffard;1;0.1;4;512;1.8661836183618363;69.62087368965149
4;1.8900000000000001;goffard;1;0.1;4;512;1.873149314931493;60.1068217754364
4;1.9;goffard;1;0.1;4;512;1.8840954095409541;56.59919881820679
4;1.9100000000000001;goffard;1;0.1;4;512;1.8944444444444444;86.86488008499146
4;1.92;goffard;1;0.1;4;512;1.9028032803280328;57.44328427314758
4;1.9300000000000002;goffard;1;0.1;4;512;1.9125552555255525;68.22137713432312
4;1.94;goffard;1;0.1;4;512;1.928874887488749;62.48919415473938
4;1.9500000000000002;goffard;1;0.1;4;512;1.936039603960396;92.44592952728271
4;1.96;goffard;1;0.1;4;512;1.9473837383738375;69.90828776359558
4;1.97;goffard;1;0.1;4;512;1.9571357135713572;81.83166646957397
4;1.98;goffard;1;0.1;4;512;1.9682808280828081;71.42166996002197
4;1.99;goffard;1;0.1;4;512;1.9800230023002299;85.35939764976501
4;2.0;goffard;1;0.1;4;512;1.9897749774977498;87.72792315483093
5;1.01;goffard;1;0.1;4;512;1.0758755875587558;20.365344524383545
5;1.02;goffard;1;0.1;4;512;1.079059905990599;29.237790822982788
5;1.03;goffard;1;0.1;4;512;1.0802540254025403;20.58953094482422
5;1.04;goffard;1;0.1;4;512;1.0856275627562757;20.1140878200531
5;1.05;goffard;1;0.1;4;512;1.083040304030403;19.73127508163452
5;1.06;goffard;1;0.1;4;512;1.0862246224622463;19.69743537902832
5;1.07;goffard;1;0.1;4;512;1.0858265826582658;19.49596381187439
5;1.08;goffard;1;0.1;4;512;1.0894089408940895;19.64730668067932
5;1.09;goffard;1;0.1;4;512;1.0981658165816581;20.08229970932007
5;1.1;goffard;1;0.1;4;512;1.106126612661266;20.2077157497406
5;1.11;goffard;1;0.1;4;512;1.104932493249325;19.199177503585815
5;1.12;goffard;1;0.1;4;512;1.114883488348835;18.783748149871826
5;1.13;goffard;1;0.1;4;512;1.111898189818982;18.83762836456299
5;1.1400000000000001;goffard;1;0.1;4;512;1.1258295829582958;18.97839069366455
5;1.15;goffard;1;0.1;4;512;1.1397609760976097;18.869065761566162
5;1.16;goffard;1;0.1;4;512;1.1403580358035803;18.895270109176636
5;1.17;goffard;1;0.1;4;512;1.1592649264926493;18.487221240997314
5;1.18;goffard;1;0.1;4;512;1.1696139613961396;18.481744050979614
5;1.19;goffard;1;0.1;4;512;1.1757835783578359;18.45219111442566
5;1.2;goffard;1;0.1;4;512;1.1861326132613261;18.350751876831055
5;1.21;goffard;1;0.1;4;512;1.2086218621862186;18.257606744766235
5;1.22;goffard;1;0.1;4;512;1.2112091209120912;26.1916241645813
5;1.23;goffard;1;0.1;4;512;1.2213591359135914;18.34867548942566
5;1.24;goffard;1;0.1;4;512;1.2295189518951894;17.80952501296997
5;1.25;goffard;1;0.1;4;512;1.241858185818582;17.29498791694641
5;1.26;goffard;1;0.1;4;512;1.2534013401340134;17.542090892791748
5;1.27;goffard;1;0.1;4;512;1.2633523352335234;17.369075298309326
5;1.28;goffard;1;0.1;4;512;1.2740994099409941;17.37083101272583
5;1.29;goffard;1;0.1;4;512;1.2808660866086607;17.35448122024536
5;1.3;goffard;1;0.1;4;512;1.2961906190619061;17.553104639053345
5;1.31;goffard;1;0.1;4;512;1.302957295729573;17.282955646514893
5;1.32;goffard;1;0.1;4;512;1.3091269126912692;16.87182593345642
5;1.33;goffard;1;0.1;4;512;1.3224612461246124;16.91868758201599
5;1.34;goffard;1;0.1;4;512;1.3314171417141714;16.785707712173462
5;1.35;goffard;1;0.1;4;512;1.3415671567156715;17.09510564804077
5;1.36;goffard;1;0.1;4;512;1.35012501250125;16.71700882911682
5;1.37;goffard;1;0.1;4;512;1.3626632663266327;17.1588613986969
5;1.38;goffard;1;0.1;4;512;1.3724152415241524;16.957574367523193
5;1.3900000000000001;goffard;1;0.1;4;512;1.3817691769176919;16.801478624343872
5;1.4;goffard;1;0.1;4;512;1.388933893389339;16.711886167526245
5;1.4100000000000001;goffard;1;0.1;4;512;1.3994819481948195;17.184210300445557
5;1.42;goffard;1;0.1;4;512;1.4084378437843785;16.915026426315308
5;1.43;goffard;1;0.1;4;512;1.41998099809981;17.082356452941895
5;1.44;goffard;1;0.1;4;512;1.4305290529052905;26.304797410964966
5;1.45;goffard;1;0.1;4;512;1.4382908290829084;17.97728443145752
5;1.46;goffard;1;0.1;4;512;1.4492369236923692;17.83755850791931
5;1.47;goffard;1;0.1;4;512;1.460979097909791;18.048208236694336
5;1.48;goffard;1;0.1;4;512;1.468939893989399;18.01850461959839
5;1.49;goffard;1;0.1;4;512;1.4822742274227423;18.516486406326294
5;1.5;goffard;1;0.1;4;512;1.4882448244824482;18.601046562194824
5;1.51;goffard;1;0.1;4;512;1.4993899389938994;19.358314037322998
5;1.52;goffard;1;0.1;4;512;1.5093409340934094;19.423901557922363
5;1.53;goffard;1;0.1;4;512;1.5176997699769976;20.129358291625977
5;1.54;goffard;1;0.1;4;512;1.5282478247824782;21.329954147338867
5;1.55;goffard;1;0.1;4;512;1.541781178117812;21.96165680885315
5;1.56;goffard;1;0.1;4;512;1.5493439343934394;22.17764401435852
5;1.57;goffard;1;0.1;4;512;1.5573047304730472;23.0295569896698
5;1.58;goffard;1;0.1;4;512;1.5666586658665866;23.47567915916443
5;1.5899999999999999;goffard;1;0.1;4;512;1.5813861386138615;29.282177925109863
5;1.6;goffard;1;0.1;4;512;1.5867596759675968;26.735738277435303
5;1.6099999999999999;goffard;1;0.1;4;512;1.5983028302830284;29.032928228378296
5;1.62;goffard;1;0.1;4;512;1.6084528452845284;29.49851655960083
5;1.63;goffard;1;0.1;4;512;1.617010701070107;37.39752006530762
5;1.6400000000000001;goffard;1;0.1;4;512;1.6267626762676266;35.25456762313843
5;1.65;goffard;1;0.1;4;512;1.6375097509750975;35.866941690444946
5;1.6600000000000001;goffard;1;0.1;4;512;1.6482568256825683;39.87473940849304
5;1.67;goffard;1;0.1;4;512;1.6588048804880486;55.21462678909302
5;1.6800000000000002;goffard;1;0.1;4;512;1.6691539153915391;56.11122536659241
5;1.69;goffard;1;0.1;4;512;1.6812941294129413;62.923115491867065
5;1.7000000000000002;goffard;1;0.1;4;512;1.6870657065706571;35.14505624771118
5;1.71;goffard;1;0.1;4;512;1.6978127812781278;55.88536310195923
5;1.72;goffard;1;0.1;4;512;1.7105500550055006;45.56348013877869
5;1.73;goffard;1;0.1;4;512;1.7187098709870987;60.768776655197144
5;1.74;goffard;1;0.1;4;512;1.7296559655965598;60.93297052383423
5;1.75;goffard;1;0.1;4;512;1.7358255825582558;59.61424946784973
5;1.76;goffard;1;0.1;4;512;1.746174617461746;84.95375061035156
5;1.77;goffard;1;0.1;4;512;1.759110911091109;52.30207538604736
5;1.78;goffard;1;0.1;4;512;1.7652805280528052;50.34454154968262
5;1.79;goffard;1;0.1;4;512;1.775032503250325;77.67706179618835
5;1.8;goffard;1;0.1;4;512;1.7865756575657565;81.50235939025879
5;1.81;goffard;1;0.1;4;512;1.796924692469247;56.595232248306274
5;1.82;goffard;1;0.1;4;512;1.8084678467846784;64.00975608825684
5;1.83;goffard;1;0.1;4;512;1.8182198219821983;64.19280195236206
5;1.84;goffard;1;0.1;4;512;1.8273747374737472;86.58708000183105
5;1.85;goffard;1;0.1;4;512;1.8405100510051005;71.68564486503601
5;1.8599999999999999;goffard;1;0.1;4;512;1.8474757475747574;133.41123127937317
5;1.87;goffard;1;0.1;4;512;1.8584218421842185;75.74162077903748
5;1.88;goffard;1;0.1;4;512;1.8675767576757676;52.40325117111206
5;1.8900000000000001;goffard;1;0.1;4;512;1.8753385338533852;99.03151798248291
5;1.9;goffard;1;0.1;4;512;1.8884738473847384;87.18403100967407
5;1.9100000000000001;goffard;1;0.1;4;512;1.9008130813081308;73.97274994850159
5;1.92;goffard;1;0.1;4;512;1.907778777877788;71.437912940979
5;1.9300000000000002;goffard;1;0.1;4;512;1.9179287928792879;93.13735055923462
5;1.94;goffard;1;0.1;4;512;1.9235013501350133;69.85806775093079
5;1.9500000000000002;goffard;1;0.1;4;512;1.9324572457245726;64.83681511878967
5;1.96;goffard;1;0.1;4;512;1.9416121612161215;85.16529297828674
5;1.97;goffard;1;0.1;4;512;1.950966096609661;99.21472597122192
5;1.98;goffard;1;0.1;4;512;1.9631063106310631;86.33479833602905
5;1.99;goffard;1;0.1;4;512;1.971863186318632;107.88949918746948
5;2.0;goffard;1;0.1;4;512;1.9778337833783377;76.599289894104
6;1.01;goffard;1;0.1;4;512;1.0754775477547756;21.260129690170288
6;1.02;goffard;1;0.1;4;512;1.0786618661866187;21.08634638786316
6;1.03;goffard;1;0.1;4;512;1.0768706870687068;20.553489923477173
6;1.04;goffard;1;0.1;4;512;1.0822442244224422;20.30532956123352
6;1.05;goffard;1;0.1;4;512;1.0780648064806482;20.061472177505493
6;1.06;goffard;1;0.1;4;512;1.0858265826582658;19.85435962677002
6;1.07;goffard;1;0.1;4;512;1.0876177617761775;19.75236940383911
6;1.08;goffard;1;0.1;4;512;1.09000600060006;19.416390419006348
6;1.09;goffard;1;0.1;4;512;1.096971697169717;19.45064663887024
6;1.1;goffard;1;0.1;4;512;1.0957775777577758;19.513418912887573
6;1.11;goffard;1;0.1;4;512;1.1021462146214622;19.006149768829346
6;1.12;goffard;1;0.1;4;512;1.1101070107010702;18.921743392944336
6;1.13;goffard;1;0.1;4;512;1.1075197519751976;19.026057958602905
6;1.1400000000000001;goffard;1;0.1;4;512;1.126028602860286;30.92349410057068
6;1.15;goffard;1;0.1;4;512;1.1381688168816881;19.74019169807434
6;1.16;goffard;1;0.1;4;512;1.1437413741374138;19.85088801383972
6;1.17;goffard;1;0.1;4;512;1.1596629662966298;19.369656324386597
6;1.18;goffard;1;0.1;4;512;1.1733953395339534;18.877104997634888
6;1.19;goffard;1;0.1;4;512;1.1817541754175418;19.043249130249023
6;1.2;goffard;1;0.1;4;512;1.1873267326732673;18.90948796272278
6;1.21;goffard;1;0.1;4;512;1.2034473447344736;18.917097568511963
6;1.22;goffard;1;0.1;4;512;1.2128012801280128;18.911314249038696
6;1.23;goffard;1;0.1;4;512;1.2251405140514051;18.786750316619873
6;1.24;goffard;1;0.1;4;512;1.2404650465046505;18.182535409927368
6;1.25;goffard;1;0.1;4;512;1.247032703270327;17.66091513633728
6;1.26;goffard;1;0.1;4;512;1.2563866386638665;17.647347927093506
6;1.27;goffard;1;0.1;4;512;1.2683278327832783;18.127624988555908
6;1.28;goffard;1;0.1;4;512;1.278875887588759;18.075690031051636
6;1.29;goffard;1;0.1;4;512;1.2916131613161317;17.196308135986328
6;1.3;goffard;1;0.1;4;512;1.2977827782778277;17.238707065582275
6;1.31;goffard;1;0.1;4;512;1.3093259325932594;17.32202124595642
6;1.32;goffard;1;0.1;4;512;1.3206700670067006;17.51676082611084
6;1.33;goffard;1;0.1;4;512;1.328033803380338;17.17429804801941
6;1.34;goffard;1;0.1;4;512;1.3397759775977598;17.240511894226074
6;1.35;goffard;1;0.1;4;512;1.3495279527952795;16.993489980697632
6;1.36;goffard;1;0.1;4;512;1.3586828682868286;16.925247192382812
6;1.37;goffard;1;0.1;4;512;1.366842684268427;16.525320053100586
6;1.38;goffard;1;0.1;4;512;1.3773907390739075;29.812793731689453
6;1.3900000000000001;goffard;1;0.1;4;512;1.3857495749574957;17.030848503112793
6;1.4;goffard;1;0.1;4;512;1.399083908390839;17.548299312591553
6;1.4100000000000001;goffard;1;0.1;4;512;1.408039803980398;17.338681936264038
6;1.42;goffard;1;0.1;4;512;1.4197819781978198;17.03791069984436
6;1.43;goffard;1;0.1;4;512;1.429135913591359;17.178486824035645
6;1.44;goffard;1;0.1;4;512;1.4402810281028102;17.344918251037598
6;1.45;goffard;1;0.1;4;512;1.4498339833983398;17.640586614608765
6;1.46;goffard;1;0.1;4;512;1.4577947794779478;17.479771375656128
6;1.47;goffard;1;0.1;4;512;1.4665516551655164;18.38124680519104
6;1.48;goffard;1;0.1;4;512;1.4774977497749775;18.152087688446045
6;1.49;goffard;1;0.1;4;512;1.4890409040904091;18.48042392730713
6;1.5;goffard;1;0.1;4;512;1.4966036603660366;18.42463231086731
6;1.51;goffard;1;0.1;4;512;1.507947794779478;19.077415704727173
6;1.52;goffard;1;0.1;4;512;1.5176997699769976;22.15288257598877
6;1.53;goffard;1;0.1;4;512;1.5286458645864587;22.831185817718506
6;1.54;goffard;1;0.1;4;512;1.5378007800780078;23.86862540245056
6;1.55;goffard;1;0.1;4;512;1.5495429542954295;23.942724466323853
6;1.56;goffard;1;0.1;4;512;1.560887088708871;26.649376392364502
6;1.57;goffard;1;0.1;4;512;1.57004200420042;25.786243200302124
6;1.58;goffard;1;0.1;4;512;1.5791969196919693;27.559999704360962
6;1.5899999999999999;goffard;1;0.1;4;512;1.587953795379538;34.10792684555054
6;1.6;goffard;1;0.1;4;512;1.5945214521452145;30.32359504699707
6;1.6099999999999999;goffard;1;0.1;4;512;1.6090499049904992;32.130812883377075
6;1.62;goffard;1;0.1;4;512;1.619000900090009;33.09466743469238
6;1.63;goffard;1;0.1;4;512;1.6265636563656365;42.88633346557617
6;1.6400000000000001;goffard;1;0.1;4;512;1.637111711171117;57.827566385269165
6;1.65;goffard;1;0.1;4;512;1.6494509450945094;41.27971839904785
6;1.6600000000000001;goffard;1;0.1;4;512;1.658008800880088;41.92059111595154
6;1.67;goffard;1;0.1;4;512;1.6717411741174117;47.91795086860657
6;1.6800000000000002;goffard;1;0.1;4;512;1.6773137313731374;39.802735567092896
6;1.69;goffard;1;0.1;4;512;1.6892549254925493;38.06398797035217
6;1.7000000000000002;goffard;1;0.1;4;512;1.697016701670167;50.277387619018555
6;1.71;goffard;1;0.1;4;512;1.7071667166716673;51.21437382698059
6;1.72;goffard;1;0.1;4;512;1.7214961496149614;64.90881967544556
6;1.73;goffard;1;0.1;4;512;1.728063806380638;43.167845726013184
6;1.74;goffard;1;0.1;4;512;1.7408010801080107;99.32627010345459
6;1.75;goffard;1;0.1;4;512;1.7483638363836382;52.47539734840393
6;1.76;goffard;1;0.1;4;512;1.7613001300130013;49.50751066207886
6;1.77;goffard;1;0.1;4;512;1.7724452445244525;100.76048040390015
6;1.78;goffard;1;0.1;4;512;1.7816001600160016;69.94172191619873
6;1.79;goffard;1;0.1;4;512;1.7923472347234723;56.49207782745361
6;1.8;goffard;1;0.1;4;512;1.8007060706070606;73.8032705783844
6;1.81;goffard;1;0.1;4;512;1.818020802080208;60.138916015625
6;1.82;goffard;1;0.1;4;512;1.8216031603160316;55.27154469490051
6;1.83;goffard;1;0.1;4;512;1.82996199619962;98.68638634681702
6;1.84;goffard;1;0.1;4;512;1.8446894689468947;81.28290796279907
6;1.85;goffard;1;0.1;4;512;1.8530483048304829;93.97186040878296
6;1.8599999999999999;goffard;1;0.1;4;512;1.8633973397339734;75.48511862754822
6;1.87;goffard;1;0.1;4;512;1.8743434343434342;56.53619861602783
6;1.88;goffard;1;0.1;4;512;1.89006600660066;58.50691866874695
6;1.8900000000000001;goffard;1;0.1;4;512;1.9022062206220622;77.13355445861816
6;1.9;goffard;1;0.1;4;512;1.9095699569956994;46.63524842262268
6;1.9100000000000001;goffard;1;0.1;4;512;1.9286758675867586;81.224848985672
6;1.92;goffard;1;0.1;4;512;1.936835683568357;43.87415027618408
6;1.9300000000000002;goffard;1;0.1;4;512;1.9443984398439844;79.10079431533813
6;1.94;goffard;1;0.1;4;512;1.958926892689269;140.09654664993286
6;1.9500000000000002;goffard;1;0.1;4;512;1.9696739673967396;65.28768396377563
6;1.96;goffard;1;0.1;4;512;1.983207320732073;78.77991366386414
6;1.97;goffard;1;0.1;4;512;1.9891779177917792;80.89010047912598
6;1.98;goffard;1;0.1;4;512;2.00012401240124;67.43326306343079
6;1.99;goffard;1;0.1;4;512;2.015050505050505;71.20838403701782
6;2.0;goffard;1;0.1;4;512;2.0202250225022502;90.63789319992065
7;1.01;goffard;1;0.1;4;512;1.0784628462846284;21.829363107681274
7;1.02;goffard;1;0.1;4;512;1.0798559855985599;21.53548240661621
7;1.03;goffard;1;0.1;4;512;1.0852295229522952;21.53296446800232
7;1.04;goffard;1;0.1;4;512;1.082841284128413;21.007709741592407
7;1.05;goffard;1;0.1;4;512;1.0874187418741874;20.987735986709595
7;1.06;goffard;1;0.1;4;512;1.0927922792279228;20.00909399986267
7;1.07;goffard;1;0.1;4;512;1.0947824782478248;20.230006456375122
7;1.08;goffard;1;0.1;4;512;1.0854285428542854;20.112974405288696
7;1.09;goffard;1;0.1;4;512;1.1001560156015602;19.26468062400818
7;1.1;goffard;1;0.1;4;512;1.0947824782478248;19.67420983314514
7;1.11;goffard;1;0.1;4;512;1.1013501350135013;19.338639736175537
7;1.12;goffard;1;0.1;4;512;1.0973697369736974;19.151957988739014
7;1.13;goffard;1;0.1;4;512;1.1091119111911192;19.138108015060425
7;1.1400000000000001;goffard;1;0.1;4;512;1.1206550655065506;19.809320211410522
7;1.15;goffard;1;0.1;4;512;1.1377707770777077;19.395531177520752
7;1.16;goffard;1;0.1;4;512;1.1568766876687668;19.223623514175415
7;1.17;goffard;1;0.1;4;512;1.1624492449244925;19.11208152770996
7;1.18;goffard;1;0.1;4;512;1.1674247424742474;19.016624689102173
7;1.19;goffard;1;0.1;4;512;1.181953195319532;34.990702629089355
7;1.2;goffard;1;0.1;4;512;1.1944914491449146;18.939586877822876
7;1.21;goffard;1;0.1;4;512;1.2048404840484048;19.133270502090454
7;1.22;goffard;1;0.1;4;512;1.2181748174817482;18.850008010864258
7;1.23;goffard;1;0.1;4;512;1.2233493349334934;18.784066677093506
7;1.24;goffard;1;0.1;4;512;1.2376787678767878;18.002419233322144
7;1.25;goffard;1;0.1;4;512;1.2438483848384838;18.49995470046997
7;1.26;goffard;1;0.1;4;512;1.253003300330033;18.503960371017456
7;1.27;goffard;1;0.1;4;512;1.2695219521952195;18.14441466331482
7;1.28;goffard;1;0.1;4;512;1.2768856885688569;18.41934561729431
7;1.29;goffard;1;0.1;4;512;1.2898219821982198;18.11954379081726
7;1.3;goffard;1;0.1;4;512;1.2981808180818082;17.72286033630371
7;1.31;goffard;1;0.1;4;512;1.305942594259426;17.845226049423218
7;1.32;goffard;1;0.1;4;512;1.317087708770877;18.04724097251892
7;1.33;goffard;1;0.1;4;512;1.326839683968397;17.475900650024414
7;1.34;goffard;1;0.1;4;512;1.3375867586758676;17.454118251800537
7;1.35;goffard;1;0.1;4;512;1.3479357935793579;17.28041982650757
7;1.36;goffard;1;0.1;4;512;1.3556975697569758;17.248571634292603
7;1.37;goffard;1;0.1;4;512;1.3686338633863386;16.963032245635986
7;1.38;goffard;1;0.1;4;512;1.3761966196619662;17.252039432525635
7;1.3900000000000001;goffard;1;0.1;4;512;1.385948594859486;17.4844069480896
7;1.4;goffard;1;0.1;4;512;1.3986858685868586;17.82292103767395
7;1.4100000000000001;goffard;1;0.1;4;512;1.4068456845684567;17.05636477470398
7;1.42;goffard;1;0.1;4;512;1.4175927592759276;17.775473833084106
7;1.43;goffard;1;0.1;4;512;1.4277427742774278;18.293153762817383
7;1.44;goffard;1;0.1;4;512;1.44008200820082;18.121148347854614
7;1.45;goffard;1;0.1;4;512;1.4482418241824182;18.61644983291626
7;1.46;goffard;1;0.1;4;512;1.4613771377137714;19.157037258148193
7;1.47;goffard;1;0.1;4;512;1.4713281328132815;20.066955089569092
7;1.48;goffard;1;0.1;4;512;1.4832693269326933;37.482662200927734
7;1.49;goffard;1;0.1;4;512;1.4928222822282229;20.38930916786194
7;1.5;goffard;1;0.1;4;512;1.5007830783078309;20.4644877910614
7;1.51;goffard;1;0.1;4;512;1.5147144714471446;23.224931716918945
7;1.52;goffard;1;0.1;4;512;1.5222772277227723;22.023176670074463
7;1.53;goffard;1;0.1;4;512;1.537004700470047;24.98886251449585
7;1.54;goffard;1;0.1;4;512;1.546955695569557;24.916630029678345
7;1.55;goffard;1;0.1;4;512;1.5596929692969297;27.418805837631226
7;1.56;goffard;1;0.1;4;512;1.5684498449844986;26.622533082962036
7;1.57;goffard;1;0.1;4;512;1.57999299929993;28.192096710205078
7;1.58;goffard;1;0.1;4;512;1.5903420342034202;36.62390089035034
7;1.5899999999999999;goffard;1;0.1;4;512;1.5994969496949696;36.40873599052429
7;1.6;goffard;1;0.1;4;512;1.6112391239123913;44.88983106613159
7;1.6099999999999999;goffard;1;0.1;4;512;1.6215881588158816;41.75435256958008
7;1.62;goffard;1;0.1;4;512;1.6335293529352937;39.05309200286865
7;1.63;goffard;1;0.1;4;512;1.6430823082308232;49.42902731895447
7;1.6400000000000001;goffard;1;0.1;4;512;1.6524362436243625;40.25643062591553
7;1.65;goffard;1;0.1;4;512;1.6631833183318332;38.30740427970886
7;1.6600000000000001;goffard;1;0.1;4;512;1.6725372537253724;40.97492432594299
7;1.67;goffard;1;0.1;4;512;1.685871587158716;44.272709369659424
7;1.6800000000000002;goffard;1;0.1;4;512;1.6904490449044904;42.10434579849243
7;1.69;goffard;1;0.1;4;512;1.701992199219922;57.30002403259277
7;1.7000000000000002;goffard;1;0.1;4;512;1.7107490749074907;54.041871547698975
7;1.71;goffard;1;0.1;4;512;1.7208990899089909;47.97318506240845
7;1.72;goffard;1;0.1;4;512;1.7304520452045205;53.20003271102905
7;1.73;goffard;1;0.1;4;512;1.7443834383438344;49.74139189720154
7;1.74;goffard;1;0.1;4;512;1.7505530553055304;46.33865475654602
7;1.75;goffard;1;0.1;4;512;1.763091309130913;43.07379937171936
7;1.76;goffard;1;0.1;4;512;1.7716491649164916;42.899008989334106
7;1.77;goffard;1;0.1;4;512;1.7857795779577956;61.10634732246399
7;1.78;goffard;1;0.1;4;512;1.7935413541354135;83.21098208427429
7;1.79;goffard;1;0.1;4;512;1.8024972497249725;84.28940033912659
7;1.8;goffard;1;0.1;4;512;1.8172247224722473;44.23804187774658
7;1.81;goffard;1;0.1;4;512;1.825981598159816;64.44278478622437
7;1.82;goffard;1;0.1;4;512;1.8417041704170418;40.2854061126709
7;1.83;goffard;1;0.1;4;512;1.8492669266926693;56.582451820373535
7;1.84;goffard;1;0.1;4;512;1.8624022402240223;57.21936345100403
7;1.85;goffard;1;0.1;4;512;1.8717561756175618;47.32357406616211
7;1.8599999999999999;goffard;1;0.1;4;512;1.882105210521052;56.090975761413574
7;1.87;goffard;1;0.1;4;512;1.8932503250325032;44.74194693565369
7;1.88;goffard;1;0.1;4;512;1.9012111211121112;57.48498058319092
7;1.8900000000000001;goffard;1;0.1;4;512;1.9203170317031704;76.35597443580627
7;1.9;goffard;1;0.1;4;512;1.9165356535653566;88.64224004745483
7;1.9100000000000001;goffard;1;0.1;4;512;1.9376317631763176;64.59677362442017
7;1.92;goffard;1;0.1;4;512;1.945990599059906;67.85126543045044
7;1.9300000000000002;goffard;1;0.1;4;512;1.9507670767076708;110.65983271598816
7;1.94;goffard;1;0.1;4;512;1.9654945494549456;73.11617255210876
7;1.9500000000000002;goffard;1;0.1;4;512;1.9720622062206221;84.88829517364502
7;1.96;goffard;1;0.1;4;512;1.9851975197519751;65.22902703285217
7;1.97;goffard;1;0.1;4;512;1.9881828182818282;63.165778398513794
7;1.98;goffard;1;0.1;4;512;2.014851485148515;68.60686945915222
7;1.99;goffard;1;0.1;4;512;2.0164436443644362;84.71619892120361
7;2.0;goffard;1;0.1;4;512;2.0228122812281226;93.2955641746521
8;1.01;goffard;1;0.1;4;512;1.0804530453045305;21.012503623962402
8;1.02;goffard;1;0.1;4;512;1.0798559855985599;21.205383777618408
8;1.03;goffard;1;0.1;4;512;1.08005500550055;20.44265627861023
8;1.04;goffard;1;0.1;4;512;1.0804530453045305;20.6971173286438
8;1.05;goffard;1;0.1;4;512;1.088811881188119;20.226845264434814
8;1.06;goffard;1;0.1;4;512;1.0884138413841384;20.103706121444702
8;1.07;goffard;1;0.1;4;512;1.088015801580158;20.232652187347412
8;1.08;goffard;1;0.1;4;512;1.0967726772677269;20.11863946914673
8;1.09;goffard;1;0.1;4;512;1.097170717071707;40.302405834198
8;1.1;goffard;1;0.1;4;512;1.1007530753075307;20.519054889678955
8;1.11;goffard;1;0.1;4;512;1.1099079907990799;20.52788996696472
8;1.12;goffard;1;0.1;4;512;1.1055295529552955;19.68083095550537
8;1.13;goffard;1;0.1;4;512;1.1164756475647564;19.658418893814087
8;1.1400000000000001;goffard;1;0.1;4;512;1.1278197819781979;20.142006635665894
8;1.15;goffard;1;0.1;4;512;1.1399599959995999;19.65452241897583
8;1.16;goffard;1;0.1;4;512;1.1507070707070708;19.847896575927734
8;1.17;goffard;1;0.1;4;512;1.1648374837483748;19.697941541671753
8;1.18;goffard;1;0.1;4;512;1.171007100710071;19.3925883769989
8;1.19;goffard;1;0.1;4;512;1.19011301130113;19.671372890472412
8;1.2;goffard;1;0.1;4;512;1.1934963496349635;19.957468032836914
8;1.21;goffard;1;0.1;4;512;1.2044424442444244;19.869073390960693
8;1.22;goffard;1;0.1;4;512;1.213000300030003;19.405778646469116
8;1.23;goffard;1;0.1;4;512;1.2289218921892189;18.718477725982666
8;1.24;goffard;1;0.1;4;512;1.2360866086608662;18.731184720993042
8;1.25;goffard;1;0.1;4;512;1.2458385838583859;18.39482021331787
8;1.26;goffard;1;0.1;4;512;1.2561876187618761;18.8155677318573
8;1.27;goffard;1;0.1;4;512;1.2655415541554156;18.503334760665894
8;1.28;goffard;1;0.1;4;512;1.2806670667066706;18.372823476791382
8;1.29;goffard;1;0.1;4;512;1.286040604060406;17.851168394088745
8;1.3;goffard;1;0.1;4;512;1.2989768976897689;18.5255925655365
8;1.31;goffard;1;0.1;4;512;1.3091269126912692;18.101378202438354
8;1.32;goffard;1;0.1;4;512;1.3182818281828184;18.067296266555786
8;1.33;goffard;1;0.1;4;512;1.3336063606360637;17.5996150970459
8;1.34;goffard;1;0.1;4;512;1.343955395539554;17.597912073135376
8;1.35;goffard;1;0.1;4;512;1.348134813481348;17.71723484992981
8;1.36;goffard;1;0.1;4;512;1.3614691469146916;17.56065344810486
8;1.37;goffard;1;0.1;4;512;1.3708230823082308;17.484038591384888
8;1.38;goffard;1;0.1;4;512;1.378982898289829;17.25698447227478
8;1.3900000000000001;goffard;1;0.1;4;512;1.3885358535853585;17.435655117034912
8;1.4;goffard;1;0.1;4;512;1.3986858685868586;17.044485092163086
8;1.4100000000000001;goffard;1;0.1;4;512;1.4084378437843785;39.71386456489563
8;1.42;goffard;1;0.1;4;512;1.4197819781978198;17.862377405166626
8;1.43;goffard;1;0.1;4;512;1.4283398339833984;17.699214696884155
8;1.44;goffard;1;0.1;4;512;1.439086908690869;18.234344482421875
8;1.45;goffard;1;0.1;4;512;1.4454555455545555;17.943268299102783
8;1.46;goffard;1;0.1;4;512;1.4583918391839183;18.43390417098999
8;1.47;goffard;1;0.1;4;512;1.4651585158515852;19.174766302108765
8;1.48;goffard;1;0.1;4;512;1.4763036303630364;18.67400622367859
8;1.49;goffard;1;0.1;4;512;1.4828712871287129;19.610770225524902
8;1.5;goffard;1;0.1;4;512;1.4932203220322031;19.952144145965576
8;1.51;goffard;1;0.1;4;512;1.5015791579157916;20.197041273117065
8;1.52;goffard;1;0.1;4;512;1.5115301530153016;20.7583270072937
8;1.53;goffard;1;0.1;4;512;1.5194909490949096;20.972396850585938
8;1.54;goffard;1;0.1;4;512;1.5316311631163115;22.32910466194153
8;1.55;goffard;1;0.1;4;512;1.5431743174317432;24.550025939941406
8;1.56;goffard;1;0.1;4;512;1.5513341334133415;24.078712224960327
8;1.57;goffard;1;0.1;4;512;1.5630763076307632;24.313812494277954
8;1.58;goffard;1;0.1;4;512;1.5708380838083809;24.774449586868286
8;1.5899999999999999;goffard;1;0.1;4;512;1.5787988798879888;29.931049346923828
8;1.6;goffard;1;0.1;4;512;1.5901430143014301;29.016541719436646
8;1.6099999999999999;goffard;1;0.1;4;512;1.6024822482248224;31.386035442352295
8;1.62;goffard;1;0.1;4;512;1.6114381438143814;38.01149821281433
8;1.63;goffard;1;0.1;4;512;1.620792079207921;36.068671464920044
8;1.6400000000000001;goffard;1;0.1;4;512;1.6337283728372838;36.869699478149414
8;1.65;goffard;1;0.1;4;512;1.6442764276427644;49.739349365234375
8;1.6600000000000001;goffard;1;0.1;4;512;1.6556205620562057;64.73870396614075
8;1.67;goffard;1;0.1;4;512;1.6653725372537254;66.10629844665527
8;1.6800000000000002;goffard;1;0.1;4;512;1.6757215721572156;55.78401470184326
8;1.69;goffard;1;0.1;4;512;1.686866686668667;53.846465826034546
8;1.7000000000000002;goffard;1;0.1;4;512;1.6940314031403139;45.82260203361511
8;1.71;goffard;1;0.1;4;512;1.7107490749074907;59.012139081954956
8;1.72;goffard;1;0.1;4;512;1.718908890889089;59.49246883392334
8;1.73;goffard;1;0.1;4;512;1.7284618461846186;52.184006690979004
8;1.74;goffard;1;0.1;4;512;1.7332383238323832;43.58095049858093
8;1.75;goffard;1;0.1;4;512;1.744980498049805;66.17217946052551
8;1.76;goffard;1;0.1;4;512;1.756125612561256;63.19087266921997
8;1.77;goffard;1;0.1;4;512;1.764882488248825;78.91329073905945
8;1.78;goffard;1;0.1;4;512;1.7744354435443546;60.754761934280396
8;1.79;goffard;1;0.1;4;512;1.7907550755075508;67.51225209236145
8;1.8;goffard;1;0.1;4;512;1.7975217521752174;65.5040442943573
8;1.81;goffard;1;0.1;4;512;1.8100600060006;137.70183277130127
8;1.82;goffard;1;0.1;4;512;1.817025702570257;56.871522188186646
8;1.83;goffard;1;0.1;4;512;1.8216031603160316;45.93609642982483
8;1.84;goffard;1;0.1;4;512;1.8315541554155415;42.91541528701782
8;1.85;goffard;1;0.1;4;512;1.8373257325732573;69.06079173088074
8;1.8599999999999999;goffard;1;0.1;4;512;1.8536453645364537;56.75445008277893
8;1.87;goffard;1;0.1;4;512;1.8665816581658166;88.43702387809753
8;1.88;goffard;1;0.1;4;512;1.873945394539454;65.09880590438843
8;1.8900000000000001;goffard;1;0.1;4;512;1.880911091109111;78.98020482063293
8;1.9;goffard;1;0.1;4;512;1.8964346434643464;58.19355511665344
8;1.9100000000000001;goffard;1;0.1;4;512;1.9028032803280328;45.88239502906799
8;1.92;goffard;1;0.1;4;512;1.9145454545454546;104.725750207901
8;1.9300000000000002;goffard;1;0.1;4;512;1.9242974297429742;105.66145038604736
8;1.94;goffard;1;0.1;4;512;1.9358405840584059;66.29070925712585
8;1.9500000000000002;goffard;1;0.1;4;512;1.9441994199419943;105.5522313117981
8;1.96;goffard;1;0.1;4;512;1.9537523752375239;75.19722843170166
8;1.97;goffard;1;0.1;4;512;1.9639023902390238;95.38629603385925
8;1.98;goffard;1;0.1;4;512;1.977037703770377;88.65536403656006
8;1.99;goffard;1;0.1;4;512;1.9838043804380439;108.09044146537781
8;2.0;goffard;1;0.1;4;512;1.9935563556355635;80.19645404815674
9;1.01;goffard;1;0.1;4;512;1.0724922492249225;22.083951711654663
9;1.02;goffard;1;0.1;4;512;1.0766716671667167;21.12275743484497
9;1.03;goffard;1;0.1;4;512;1.074084408440844;21.350831985473633
9;1.04;goffard;1;0.1;4;512;1.084035403540354;21.311963081359863
9;1.05;goffard;1;0.1;4;512;1.083040304030403;21.005523920059204
9;1.06;goffard;1;0.1;4;512;1.088015801580158;20.93158984184265
9;1.07;goffard;1;0.1;4;512;1.0917971797179717;20.62052297592163
9;1.08;goffard;1;0.1;4;512;1.0904040404040405;20.48639726638794
9;1.09;goffard;1;0.1;4;512;1.091996199619962;20.31271457672119
9;1.1;goffard;1;0.1;4;512;1.0963746374637464;21.142120838165283
9;1.11;goffard;1;0.1;4;512;1.0995589558955896;21.105456829071045
9;1.12;goffard;1;0.1;4;512;1.1113011301130113;20.51386046409607
9;1.13;goffard;1;0.1;4;512;1.1194609460946094;20.40648889541626
9;1.1400000000000001;goffard;1;0.1;4;512;1.1256305630563057;20.08138108253479
9;1.15;goffard;1;0.1;4;512;1.1355815581558155;20.49746870994568
9;1.16;goffard;1;0.1;4;512;1.1503090309030903;20.174088954925537
9;1.17;goffard;1;0.1;4;512;1.1558815881588158;20.098973512649536
9;1.18;goffard;1;0.1;4;512;1.168817881788179;20.003808736801147
9;1.19;goffard;1;0.1;4;512;1.173992399239924;20.185630083084106
9;1.2;goffard;1;0.1;4;512;1.1978747874787479;19.749637126922607
9;1.21;goffard;1;0.1;4;512;1.206034603460346;19.729639530181885
9;1.22;goffard;1;0.1;4;512;1.2143934393439344;19.411270141601562
9;1.23;goffard;1;0.1;4;512;1.222155215521552;19.295128345489502
9;1.24;goffard;1;0.1;4;512;1.2350915091509151;19.496261835098267
9;1.25;goffard;1;0.1;4;512;1.2458385838583859;19.11254358291626
9;1.26;goffard;1;0.1;4;512;1.2561876187618761;18.79747462272644
9;1.27;goffard;1;0.1;4;512;1.2683278327832783;18.511839628219604
9;1.28;goffard;1;0.1;4;512;1.278875887588759;18.506091594696045
9;1.29;goffard;1;0.1;4;512;1.2904190419041903;18.36024045944214
9;1.3;goffard;1;0.1;4;512;1.29997199719972;18.19274616241455
9;1.31;goffard;1;0.1;4;512;1.310918091809181;18.581241846084595
9;1.32;goffard;1;0.1;4;512;1.3186798679867988;18.308916568756104
9;1.33;goffard;1;0.1;4;512;1.3322132213221323;17.77555799484253
9;1.34;goffard;1;0.1;4;512;1.3425622562256225;18.028525352478027
9;1.35;goffard;1;0.1;4;512;1.3497269726972698;17.80646300315857
9;1.36;goffard;1;0.1;4;512;1.3606730673067307;17.689640760421753
9;1.37;goffard;1;0.1;4;512;1.3694299429942993;18.02269220352173
9;1.38;goffard;1;0.1;4;512;1.381172117211721;17.762346029281616
9;1.3900000000000001;goffard;1;0.1;4;512;1.39012801280128;17.558139324188232
9;1.4;goffard;1;0.1;4;512;1.4014721472147214;17.514442920684814
9;1.4100000000000001;goffard;1;0.1;4;512;1.4096319631963197;18.076828241348267
9;1.42;goffard;1;0.1;4;512;1.4217721772177216;17.67592430114746
9;1.43;goffard;1;0.1;4;512;1.4315241524152416;18.14213800430298
9;1.44;goffard;1;0.1;4;512;1.4424702470247024;18.530986070632935
9;1.45;goffard;1;0.1;4;512;1.4512271227122713;46.798972368240356
9;1.46;goffard;1;0.1;4;512;1.4605810581058105;19.297801971435547
9;1.47;goffard;1;0.1;4;512;1.4713281328132815;19.759231090545654
9;1.48;goffard;1;0.1;4;512;1.479089908990899;19.539422512054443
9;1.49;goffard;1;0.1;4;512;1.4936183618361836;20.117588996887207
9;1.5;goffard;1;0.1;4;512;1.4997879787978798;19.979717254638672
9;1.51;goffard;1;0.1;4;512;1.509141914191419;21.38315200805664
9;1.52;goffard;1;0.1;4;512;1.5204860486048606;22.246483325958252
9;1.53;goffard;1;0.1;4;512;1.5294419441944194;22.80052900314331
9;1.54;goffard;1;0.1;4;512;1.5387958795879588;24.360238552093506
9;1.55;goffard;1;0.1;4;512;1.5485478547854785;23.72422957420349
9;1.56;goffard;1;0.1;4;512;1.5584988498849885;29.830475330352783
9;1.57;goffard;1;0.1;4;512;1.5682508250825082;28.909605503082275
9;1.58;goffard;1;0.1;4;512;1.578997899789979;34.40724325180054
9;1.5899999999999999;goffard;1;0.1;4;512;1.5895459545954596;37.38495755195618
9;1.6;goffard;1;0.1;4;512;1.5973077307730774;44.44073247909546
9;1.6099999999999999;goffard;1;0.1;4;512;1.6100450045004502;43.95136117935181
9;1.62;goffard;1;0.1;4;512;1.6164136413641366;41.48878192901611
9;1.63;goffard;1;0.1;4;512;1.6277577757775776;46.63612127304077
9;1.6400000000000001;goffard;1;0.1;4;512;1.6402960296029603;61.119418144226074
9;1.65;goffard;1;0.1;4;512;1.65004800480048;45.657246112823486
9;1.6600000000000001;goffard;1;0.1;4;512;1.6601980198019803;45.19042944908142
9;1.67;goffard;1;0.1;4;512;1.670945094509451;45.840336322784424
9;1.6800000000000002;goffard;1;0.1;4;512;1.682886288628863;76.80284023284912
9;1.69;goffard;1;0.1;4;512;1.6924392439243925;42.50691509246826
9;1.7000000000000002;goffard;1;0.1;4;512;1.701992199219922;63.54338622093201
9;1.71;goffard;1;0.1;4;512;1.714928492849285;49.60351586341858
9;1.72;goffard;1;0.1;4;512;1.7252775277527754;66.75602889060974
9;1.73;goffard;1;0.1;4;512;1.7344324432443243;51.66421890258789
9;1.74;goffard;1;0.1;4;512;1.7445824582458247;53.0513870716095
9;1.75;goffard;1;0.1;4;512;1.7559265926592658;66.93346762657166
9;1.76;goffard;1;0.1;4;512;1.7674697469746974;73.99872660636902
9;1.77;goffard;1;0.1;4;512;1.7778187818781879;81.23473811149597
9;1.78;goffard;1;0.1;4;512;1.7796099609960996;88.09984803199768
9;1.79;goffard;1;0.1;4;512;1.7943374337433742;56.57116889953613
9;1.8;goffard;1;0.1;4;512;1.8028952895289527;56.81170988082886
9;1.81;goffard;1;0.1;4;512;1.8210061006100609;66.39840936660767
9;1.82;goffard;1;0.1;4;512;1.8287678767876787;94.31752490997314
9;1.83;goffard;1;0.1;4;512;1.8395149514951497;94.81051087379456
9;1.84;goffard;1;0.1;4;512;1.8432963296329632;85.46967720985413
9;1.85;goffard;1;0.1;4;512;1.8586208620862086;63.04995250701904
9;1.8599999999999999;goffard;1;0.1;4;512;1.8665816581658166;93.50132989883423
9;1.87;goffard;1;0.1;4;512;1.8771297129712972;59.02933859825134
9;1.88;goffard;1;0.1;4;512;1.888871887188719;92.56700801849365
9;1.8900000000000001;goffard;1;0.1;4;512;1.9010121012101209;70.9900963306427
9;1.9;goffard;1;0.1;4;512;1.9091719171917192;72.12744331359863
9;1.9100000000000001;goffard;1;0.1;4;512;1.9237003700370037;118.27075695991516
9;1.92;goffard;1;0.1;4;512;1.9272827282728273;67.31524229049683
9;1.9300000000000002;goffard;1;0.1;4;512;1.938825882588259;77.23786568641663
9;1.94;goffard;1;0.1;4;512;1.9477817781778177;74.44768452644348
9;1.9500000000000002;goffard;1;0.1;4;512;1.962111211121112;72.59536504745483
9;1.96;goffard;1;0.1;4;512;1.9720622062206221;77.26046776771545
9;1.97;goffard;1;0.1;4;512;1.9836053605360537;56.83053660392761
9;1.98;goffard;1;0.1;4;512;1.9941534153415341;87.48258638381958
9;1.99;goffard;1;0.1;4;512;1.9965416541654166;81.49986934661865
9;2.0;goffard;1;0.1;4;512;2.014453445344534;65.07456803321838
10;1.01;goffard;1;0.1;4;512;1.0754775477547756;22.78914737701416
10;1.02;goffard;1;0.1;4;512;1.080851085108511;22.742911338806152
10;1.03;goffard;1;0.1;4;512;1.0826422642264226;22.551213264465332
10;1.04;goffard;1;0.1;4;512;1.0850305030503051;22.05278444290161
10;1.05;goffard;1;0.1;4;512;1.0850305030503051;21.595380067825317
10;1.06;goffard;1;0.1;4;512;1.082045204520452;21.604293823242188
10;1.07;goffard;1;0.1;4;512;1.0886128612861286;21.599659204483032
10;1.08;goffard;1;0.1;4;512;1.0917971797179717;20.917121171951294
10;1.09;goffard;1;0.1;4;512;1.0935883588358837;20.60365056991577
10;1.1;goffard;1;0.1;4;512;1.0993599359935993;20.37867546081543
10;1.11;goffard;1;0.1;4;512;1.1083158315831583;20.31564426422119
10;1.12;goffard;1;0.1;4;512;1.1065246524652466;20.23483920097351
10;1.13;goffard;1;0.1;4;512;1.111102110211021;20.289766311645508
10;1.1400000000000001;goffard;1;0.1;4;512;1.1274217421742174;20.6047203540802
10;1.15;goffard;1;0.1;4;512;1.1393629362936293;20.417629718780518
10;1.16;goffard;1;0.1;4;512;1.1517021702170216;20.23579740524292
10;1.17;goffard;1;0.1;4;512;1.1706090609060906;20.365049839019775
10;1.18;goffard;1;0.1;4;512;1.1771767176717671;19.740020275115967
10;1.19;goffard;1;0.1;4;512;1.1917051705170518;19.398996114730835
10;1.2;goffard;1;0.1;4;512;1.2002630263026304;19.503462076187134
10;1.21;goffard;1;0.1;4;512;1.207825782578258;53.001771688461304
10;1.22;goffard;1;0.1;4;512;1.2195679567956796;19.437475204467773
10;1.23;goffard;1;0.1;4;512;1.2327032703270326;19.22815704345703
10;1.24;goffard;1;0.1;4;512;1.239071907190719;19.461240768432617
10;1.25;goffard;1;0.1;4;512;1.2508140814081408;18.52424454689026
10;1.26;goffard;1;0.1;4;512;1.2587748774877487;18.522858381271362
10;1.27;goffard;1;0.1;4;512;1.2665366536653666;18.470211267471313
10;1.28;goffard;1;0.1;4;512;1.2784778477847785;18.785436868667603
10;1.29;goffard;1;0.1;4;512;1.2920112011201121;18.555678606033325
10;1.3;goffard;1;0.1;4;512;1.2985788578857886;18.500491619110107
10;1.31;goffard;1;0.1;4;512;1.3113161316131614;18.23239803314209
10;1.32;goffard;1;0.1;4;512;1.32007300730073;18.31438660621643
10;1.33;goffard;1;0.1;4;512;1.3306210621062107;18.242586374282837
10;1.34;goffard;1;0.1;4;512;1.3441544154415441;18.545942068099976
10;1.35;goffard;1;0.1;4;512;1.3483338333833383;18.073193311691284
10;1.36;goffard;1;0.1;4;512;1.3598769876987697;17.88405156135559
10;1.37;goffard;1;0.1;4;512;1.3694299429942993;18.185924530029297
10;1.38;goffard;1;0.1;4;512;1.3803760376037604;18.290837049484253
10;1.3900000000000001;goffard;1;0.1;4;512;1.3937103710371037;17.948273181915283
10;1.4;goffard;1;0.1;4;512;1.4012731273127312;17.92155170440674
10;1.4100000000000001;goffard;1;0.1;4;512;1.4138113811381139;17.850263833999634
10;1.42;goffard;1;0.1;4;512;1.4235633563356336;17.923226833343506
10;1.43;goffard;1;0.1;4;512;1.4317231723172317;17.96681499481201
10;1.44;goffard;1;0.1;4;512;1.4422712271227123;17.841410160064697
10;1.45;goffard;1;0.1;4;512;1.4546104610461046;18.723928213119507
10;1.46;goffard;1;0.1;4;512;1.4671487148714872;19.654880046844482
10;1.47;goffard;1;0.1;4;512;1.4741144114411442;19.289480209350586
10;1.48;goffard;1;0.1;4;512;1.484065406540654;19.36089324951172
10;1.49;goffard;1;0.1;4;512;1.4956085608560856;19.19068193435669
10;1.5;goffard;1;0.1;4;512;1.5049624962496249;19.533682107925415
10;1.51;goffard;1;0.1;4;512;1.5153115311531153;19.469257831573486
10;1.52;goffard;1;0.1;4;512;1.5226752675267528;20.224531888961792
10;1.53;goffard;1;0.1;4;512;1.5324272427242724;21.088214635849
10;1.54;goffard;1;0.1;4;512;1.5385968596859687;22.176064014434814
10;1.55;goffard;1;0.1;4;512;1.5509360936093608;23.587278366088867
10;1.56;goffard;1;0.1;4;512;1.5610861086108612;25.16676354408264
10;1.57;goffard;1;0.1;4;512;1.5676537653765377;28.922357320785522
10;1.58;goffard;1;0.1;4;512;1.5803910391039104;31.793150901794434
10;1.5899999999999999;goffard;1;0.1;4;512;1.5901430143014301;32.67070460319519
10;1.6;goffard;1;0.1;4;512;1.5973077307730774;36.397812604904175
10;1.6099999999999999;goffard;1;0.1;4;512;1.606860686068607;40.19783878326416
10;1.62;goffard;1;0.1;4;512;1.6178067806780678;77.66378235816956
10;1.63;goffard;1;0.1;4;512;1.626961696169617;40.367135524749756
10;1.6400000000000001;goffard;1;0.1;4;512;1.6363156315631562;47.19421744346619
10;1.65;goffard;1;0.1;4;512;1.65024702470247;42.6050968170166
10;1.6600000000000001;goffard;1;0.1;4;512;1.6564166416641664;48.87211203575134
10;1.67;goffard;1;0.1;4;512;1.6691539153915391;49.59282207489014
10;1.6800000000000002;goffard;1;0.1;4;512;1.6789058905890588;49.515156984329224
10;1.69;goffard;1;0.1;4;512;1.6884588458845884;49.606411933898926
10;1.7000000000000002;goffard;1;0.1;4;512;1.6988078807880789;40.533130407333374
10;1.71;goffard;1;0.1;4;512;1.7127392739273928;98.52575874328613
10;1.72;goffard;1;0.1;4;512;1.7203020302030203;66.49099063873291
10;1.73;goffard;1;0.1;4;512;1.732044204420442;115.93950390815735
10;1.74;goffard;1;0.1;4;512;1.7433883388338833;40.83630061149597
10;1.75;goffard;1;0.1;4;512;1.7543344334433444;54.567057847976685
10;1.76;goffard;1;0.1;4;512;1.7652805280528052;66.51531505584717
10;1.77;goffard;1;0.1;4;512;1.7742364236423642;63.711726903915405
10;1.78;goffard;1;0.1;4;512;1.7857795779577956;76.16263556480408
10;1.79;goffard;1;0.1;4;512;1.7943374337433742;54.64154934883118
10;1.8;goffard;1;0.1;4;512;1.807074707470747;65.05545330047607
10;1.81;goffard;1;0.1;4;512;1.8154335433543354;60.636311292648315
10;1.82;goffard;1;0.1;4;512;1.8257825782578259;77.80391073226929
10;1.83;goffard;1;0.1;4;512;1.834937493749375;53.92885994911194
10;1.84;goffard;1;0.1;4;512;1.844888488848885;52.28491425514221
10;1.85;goffard;1;0.1;4;512;1.8518541854185417;52.46970462799072
10;1.8599999999999999;goffard;1;0.1;4;512;1.8643924392439244;75.64584684371948
10;1.87;goffard;1;0.1;4;512;1.8725522552255227;55.97081780433655
10;1.88;goffard;1;0.1;4;512;1.8807120712071206;74.78129482269287
10;1.8900000000000001;goffard;1;0.1;4;512;1.888871887188719;74.28317308425903
10;1.9;goffard;1;0.1;4;512;1.903201320132013;57.62396550178528
10;1.9100000000000001;goffard;1;0.1;4;512;1.9071817181718171;79.02744770050049
10;1.92;goffard;1;0.1;4;512;1.9233023302330232;67.56384038925171
10;1.9300000000000002;goffard;1;0.1;4;512;1.9316611661166116;81.90213418006897
10;1.94;goffard;1;0.1;4;512;1.9432043204320433;73.21058297157288
10;1.9500000000000002;goffard;1;0.1;4;512;1.954150415041504;95.79185724258423
10;1.96;goffard;1;0.1;4;512;1.9629072907290728;64.35516929626465
10;1.97;goffard;1;0.1;4;512;1.9712661266126612;67.41015553474426
10;1.98;goffard;1;0.1;4;512;1.983008300830083;77.58972191810608
10;1.99;goffard;1;0.1;4;512;1.9911681168116813;80.78818702697754
10;2.0;goffard;1;0.1;4;512;2.002910291029103;88.48613405227661
11;1.01;goffard;1;0.1;4;512;1.0746814681468146;22.7047700881958
11;1.02;goffard;1;0.1;4;512;1.0754775477547756;22.045435905456543
11;1.03;goffard;1;0.1;4;512;1.0848314831483148;61.42603945732117
11;1.04;goffard;1;0.1;4;512;1.079059905990599;22.573983669281006
11;1.05;goffard;1;0.1;4;512;1.081050105010501;22.605082273483276
11;1.06;goffard;1;0.1;4;512;1.0852295229522952;22.373846292495728
11;1.07;goffard;1;0.1;4;512;1.0878167816781679;21.90888810157776
11;1.08;goffard;1;0.1;4;512;1.1009520952095209;21.64301633834839
11;1.09;goffard;1;0.1;4;512;1.093986398639864;20.849884033203125
11;1.1;goffard;1;0.1;4;512;1.0933893389338933;21.48171043395996
11;1.11;goffard;1;0.1;4;512;1.096971697169717;20.832015991210938
11;1.12;goffard;1;0.1;4;512;1.1053305330533054;20.741735696792603
11;1.13;goffard;1;0.1;4;512;1.1105050505050504;21.35077714920044
11;1.1400000000000001;goffard;1;0.1;4;512;1.1294119411941195;21.405597925186157
11;1.15;goffard;1;0.1;4;512;1.1353825382538254;21.334445238113403
11;1.16;goffard;1;0.1;4;512;1.1507070707070708;21.111950635910034
11;1.17;goffard;1;0.1;4;512;1.167026702670267;21.105389833450317
11;1.18;goffard;1;0.1;4;512;1.1682208220822083;20.746131420135498
11;1.19;goffard;1;0.1;4;512;1.1827492749274928;21.724396467208862
11;1.2;goffard;1;0.1;4;512;1.1903120312031203;21.178499460220337
11;1.21;goffard;1;0.1;4;512;1.206034603460346;20.74736499786377
11;1.22;goffard;1;0.1;4;512;1.2153885388538854;20.015952110290527
11;1.23;goffard;1;0.1;4;512;1.2287228722872288;19.572917222976685
11;1.24;goffard;1;0.1;4;512;1.24006700670067;19.880290269851685
11;1.25;goffard;1;0.1;4;512;1.2474307430743075;19.165928602218628
11;1.26;goffard;1;0.1;4;512;1.2615611561156115;18.820417404174805
11;1.27;goffard;1;0.1;4;512;1.2665366536653666;18.958580493927002
11;1.28;goffard;1;0.1;4;512;1.277880788078808;19.134114503860474
11;1.29;goffard;1;0.1;4;512;1.2922102210221023;18.697094678878784
11;1.3;goffard;1;0.1;4;512;1.3013651365136514;18.59045124053955
11;1.31;goffard;1;0.1;4;512;1.3103210321032104;18.82303547859192
11;1.32;goffard;1;0.1;4;512;1.3186798679867988;18.63753032684326
11;1.33;goffard;1;0.1;4;512;1.3316161616161617;18.060219287872314
11;1.34;goffard;1;0.1;4;512;1.3381838183818382;18.294732809066772
11;1.35;goffard;1;0.1;4;512;1.3515181518151815;18.45110535621643
11;1.36;goffard;1;0.1;4;512;1.359080908090809;18.12593936920166
11;1.37;goffard;1;0.1;4;512;1.3716191619161915;18.339776039123535
11;1.38;goffard;1;0.1;4;512;1.385948594859486;18.60644292831421
11;1.3900000000000001;goffard;1;0.1;4;512;1.3964966496649664;18.42410898208618
11;1.4;goffard;1;0.1;4;512;1.4056515651565156;18.477397680282593
11;1.4100000000000001;goffard;1;0.1;4;512;1.4165976597659766;18.420493841171265
11;1.42;goffard;1;0.1;4;512;1.4257525752575257;18.39096999168396
11;1.43;goffard;1;0.1;4;512;1.4355045504550454;18.177871465682983
11;1.44;goffard;1;0.1;4;512;1.446848684868487;18.680671215057373
11;1.45;goffard;1;0.1;4;512;1.4532173217321733;18.818596839904785
11;1.46;goffard;1;0.1;4;512;1.4617751775177519;62.134491205215454
11;1.47;goffard;1;0.1;4;512;1.475905590559056;19.936426162719727
11;1.48;goffard;1;0.1;4;512;1.485060506050605;19.780876636505127
11;1.49;goffard;1;0.1;4;512;1.493021302130213;20.114686250686646
11;1.5;goffard;1;0.1;4;512;1.5065546554655467;21.661736726760864
11;1.51;goffard;1;0.1;4;512;1.5141174117411742;22.077417612075806
11;1.52;goffard;1;0.1;4;512;1.5232723272327233;23.051309823989868
11;1.53;goffard;1;0.1;4;512;1.5334223422342235;21.162232398986816
11;1.54;goffard;1;0.1;4;512;1.5437713771377137;22.26388168334961
11;1.55;goffard;1;0.1;4;512;1.554120412041204;24.406513452529907
11;1.56;goffard;1;0.1;4;512;1.5636733673367336;28.563551902770996
11;1.57;goffard;1;0.1;4;512;1.5744204420442043;39.01097893714905
11;1.58;goffard;1;0.1;4;512;1.5823812381238125;41.04732322692871
11;1.5899999999999999;goffard;1;0.1;4;512;1.592929292929293;34.83071541786194
11;1.6;goffard;1;0.1;4;512;1.602880288028803;40.14367651939392
11;1.6099999999999999;goffard;1;0.1;4;512;1.6154185418541855;52.19202494621277
11;1.62;goffard;1;0.1;4;512;1.6245734573457344;47.80350136756897
11;1.63;goffard;1;0.1;4;512;1.6347234723472348;54.29444646835327
11;1.6400000000000001;goffard;1;0.1;4;512;1.6424852485248524;46.462464332580566
11;1.65;goffard;1;0.1;4;512;1.6542274227422742;54.314714431762695
11;1.6600000000000001;goffard;1;0.1;4;512;1.6641784178417842;52.16106700897217
11;1.67;goffard;1;0.1;4;512;1.6731343134313432;72.0332612991333
11;1.6800000000000002;goffard;1;0.1;4;512;1.6812941294129413;62.665712118148804
11;1.69;goffard;1;0.1;4;512;1.6940314031403139;71.51805472373962
11;1.7000000000000002;goffard;1;0.1;4;512;1.7005990599059906;60.53672909736633
11;1.71;goffard;1;0.1;4;512;1.715127512751275;58.66090655326843
11;1.72;goffard;1;0.1;4;512;1.7266706670667067;79.6576657295227
11;1.73;goffard;1;0.1;4;512;1.7376167616761675;93.48778891563416
11;1.74;goffard;1;0.1;4;512;1.748960896089609;56.4977867603302
11;1.75;goffard;1;0.1;4;512;1.7573197319731975;52.76935791969299
11;1.76;goffard;1;0.1;4;512;1.7682658265826583;79.66884255409241
11;1.77;goffard;1;0.1;4;512;1.78000800080008;45.955384492874146
11;1.78;goffard;1;0.1;4;512;1.7867746774677467;52.7088303565979
11;1.79;goffard;1;0.1;4;512;1.7971237123712371;49.02275776863098
11;1.8;goffard;1;0.1;4;512;1.808069806980698;55.036099433898926
11;1.81;goffard;1;0.1;4;512;1.8160306030603062;64.24671030044556
11;1.82;goffard;1;0.1;4;512;1.8287678767876787;102.89565014839172
11;1.83;goffard;1;0.1;4;512;1.8355345534553456;75.51732516288757
11;1.84;goffard;1;0.1;4;512;1.8462816281628163;95.86811113357544
11;1.85;goffard;1;0.1;4;512;1.8596159615961596;71.90403938293457
11;1.8599999999999999;goffard;1;0.1;4;512;1.8671787178717871;62.541399240493774
11;1.87;goffard;1;0.1;4;512;1.8765326532653264;69.59041357040405
11;1.88;goffard;1;0.1;4;512;1.8958375837583759;65.53882241249084
11;1.8900000000000001;goffard;1;0.1;4;512;1.9047934793479349;74.35504841804504
11;1.9;goffard;1;0.1;4;512;1.9105650565056504;70.41786193847656
11;1.9100000000000001;goffard;1;0.1;4;512;1.9227052705270526;138.8084318637848
11;1.92;goffard;1;0.1;4;512;1.936238623862386;65.22624492645264
11;1.9300000000000002;goffard;1;0.1;4;512;1.9469856985698568;67.61372470855713
11;1.94;goffard;1;0.1;4;512;1.9595239523952395;83.26443576812744
11;1.9500000000000002;goffard;1;0.1;4;512;1.9619121912191217;75.54128742218018
11;1.96;goffard;1;0.1;4;512;1.9738533853385338;106.07390809059143
11;1.97;goffard;1;0.1;4;512;1.9953475347534755;78.08249258995056
11;1.98;goffard;1;0.1;4;512;1.9935563556355635;144.64184594154358
11;1.99;goffard;1;0.1;4;512;2.002910291029103;58.72570586204529
11;2.0;goffard;1;0.1;4;512;2.0174387438743873;109.5940535068512
12;1.01;goffard;1;0.1;4;512;1.0764726472647266;22.914758920669556
12;1.02;goffard;1;0.1;4;512;1.0754775477547756;23.09773850440979
12;1.03;goffard;1;0.1;4;512;1.0802540254025403;22.799115657806396
12;1.04;goffard;1;0.1;4;512;1.08005500550055;22.903855085372925
12;1.05;goffard;1;0.1;4;512;1.0822442244224422;22.55095672607422
12;1.06;goffard;1;0.1;4;512;1.087020702070207;22.606127500534058
12;1.07;goffard;1;0.1;4;512;1.0896079607960796;23.20703363418579
12;1.08;goffard;1;0.1;4;512;1.0975687568756876;22.697726011276245
12;1.09;goffard;1;0.1;4;512;1.0912001200120012;23.112065076828003
12;1.1;goffard;1;0.1;4;512;1.0981658165816581;23.197521924972534
12;1.11;goffard;1;0.1;4;512;1.101947194719472;21.898085355758667
12;1.12;goffard;1;0.1;4;512;1.1079177917791778;21.848337650299072
12;1.13;goffard;1;0.1;4;512;1.1065246524652466;21.697495698928833
12;1.1400000000000001;goffard;1;0.1;4;512;1.128814881488149;21.998486042022705
12;1.15;goffard;1;0.1;4;512;1.1421492149214922;21.52050471305847
12;1.16;goffard;1;0.1;4;512;1.1463286328632862;21.228816747665405
12;1.17;goffard;1;0.1;4;512;1.1616531653165316;21.60781764984131
12;1.18;goffard;1;0.1;4;512;1.1720022002200219;20.887847900390625
12;1.19;goffard;1;0.1;4;512;1.1869286928692868;20.515918970108032
12;1.2;goffard;1;0.1;4;512;1.1932973297329732;20.322232484817505
12;1.21;goffard;1;0.1;4;512;1.205039503950395;19.713496446609497
12;1.22;goffard;1;0.1;4;512;1.2143934393439344;19.943015098571777
12;1.23;goffard;1;0.1;4;512;1.2265336533653366;20.139082431793213
12;1.24;goffard;1;0.1;4;512;1.239071907190719;19.06771421432495
12;1.25;goffard;1;0.1;4;512;1.2454405440544054;18.96760368347168
12;1.26;goffard;1;0.1;4;512;1.262954295429543;19.465492248535156
12;1.27;goffard;1;0.1;4;512;1.2635513551355135;19.29092001914978
12;1.28;goffard;1;0.1;4;512;1.27987098709871;19.15216326713562
12;1.29;goffard;1;0.1;4;512;1.2894239423942393;18.963045835494995
12;1.3;goffard;1;0.1;4;512;1.2971857185718572;18.995065689086914
12;1.31;goffard;1;0.1;4;512;1.3083308330833083;18.971829175949097
12;1.32;goffard;1;0.1;4;512;1.3196749674967496;18.748135805130005
12;1.33;goffard;1;0.1;4;512;1.3258445844584459;18.72610378265381
12;1.34;goffard;1;0.1;4;512;1.3413681368136814;18.869473218917847
12;1.35;goffard;1;0.1;4;512;1.351916191619162;18.310020685195923
12;1.36;goffard;1;0.1;4;512;1.3612701270127012;18.839022636413574
12;1.37;goffard;1;0.1;4;512;1.3724152415241524;18.312341451644897
