Beaumont 2007 Basic;0;1.01;128;0.05;10000;5;1.013001300130013;120.01051068305969
Beaumont 2007 Basic;0;1.12;128;0.05;10000;5;1.1209120912091208;88.98849177360535
Beaumont 2007 Basic;0;1.23;128;0.05;10000;5;1.2315531553155314;76.30826234817505
Beaumont 2007 Basic;0;1.34;128;0.05;10000;5;1.335043504350435;70.95148396492004
Beaumont 2007 Basic;0;1.45;128;0.05;10000;5;1.446074607460746;67.5412495136261
Beaumont 2007 Basic;0;1.56;128;0.05;10000;5;1.5604860486048604;65.57093405723572
Beaumont 2007 Basic;0;1.67;128;0.05;10000;5;1.6724272427242721;64.15228581428528
Beaumont 2007 Basic;0;1.78;128;0.05;10000;5;1.7816381638163814;63.32088613510132
Beaumont 2007 Basic;0;1.8900000000000001;128;0.05;10000;5;1.8957895789578956;62.52542519569397
Beaumont 2007 Basic;0;2.0;128;0.05;10000;5;2.012021202120212;62.157304525375366
Beaumont 2007 Basic;0;1.01;128;0.1;10000;5;1.0114411441144115;62.0072979927063
Beaumont 2007 Basic;0;1.12;128;0.1;10000;5;1.1207820782078208;49.66391611099243
Beaumont 2007 Basic;0;1.23;128;0.1;10000;5;1.2333733373337332;43.45367240905762
Beaumont 2007 Basic;0;1.34;128;0.1;10000;5;1.3346534653465345;40.86357617378235
Beaumont 2007 Basic;0;1.45;128;0.1;10000;5;1.445034503450345;39.071630001068115
Beaumont 2007 Basic;0;1.56;128;0.1;10000;5;1.5630863086308628;38.19681191444397
Beaumont 2007 Basic;0;1.67;128;0.1;10000;5;1.6708670867086708;37.490652322769165
Beaumont 2007 Basic;0;1.78;128;0.1;10000;5;1.781248124812481;36.93900179862976
Beaumont 2007 Basic;0;1.8900000000000001;128;0.1;10000;5;1.8946194619461945;36.53829574584961
Beaumont 2007 Basic;0;2.0;128;0.1;10000;5;2.005130513051305;36.321664571762085
Beaumont 2007 Basic;0;1.01;256;0.05;10000;5;1.0127412741274127;250.27750992774963
Beaumont 2007 Basic;0;1.12;256;0.05;10000;5;1.1201320132013202;194.29529929161072
Beaumont 2007 Basic;0;1.23;256;0.05;10000;5;1.2307730773077308;169.45008373260498
Beaumont 2007 Basic;0;1.34;256;0.05;10000;5;1.336213621362136;158.17568802833557
Beaumont 2007 Basic;0;1.45;256;0.05;10000;5;1.4455545554555456;152.23192596435547
Beaumont 2007 Basic;0;1.56;256;0.05;10000;5;1.5598359835983597;148.11547183990479
Beaumont 2007 Basic;0;1.67;256;0.05;10000;5;1.67021702170217;145.97831630706787
Beaumont 2007 Basic;0;1.78;256;0.05;10000;5;1.7807280728072805;143.59961128234863
Beaumont 2007 Basic;0;1.8900000000000001;256;0.05;10000;5;1.8916291629162916;142.95737767219543
Beaumont 2007 Basic;0;2.0;256;0.05;10000;5;2.0086408640864084;140.97755026817322
Beaumont 2007 Basic;0;1.01;256;0.1;10000;5;1.0122212221222122;141.0693235397339
Beaumont 2007 Basic;0;1.12;256;0.1;10000;5;1.121042104210421;115.31709480285645
Beaumont 2007 Basic;0;1.23;256;0.1;10000;5;1.2312931293129312;104.05497479438782
Beaumont 2007 Basic;0;1.34;256;0.1;10000;5;1.336213621362136;98.30120635032654
Beaumont 2007 Basic;0;1.45;256;0.1;10000;5;1.4467246724672467;94.69922661781311
Beaumont 2007 Basic;0;1.56;256;0.1;10000;5;1.5574957495749575;93.26378631591797
Beaumont 2007 Basic;0;1.67;256;0.1;10000;5;1.67008700870087;91.51815724372864
Beaumont 2007 Basic;0;1.78;256;0.1;10000;5;1.782288228822882;90.77790641784668
Beaumont 2007 Basic;0;1.8900000000000001;256;0.1;10000;5;1.8940994099409938;90.16369032859802
Beaumont 2007 Basic;0;2.0;256;0.1;10000;5;2.0087708770877084;89.65261745452881
Beaumont 2007 Basic;1;1.01;128;0.05;10000;5;1.0109210921092109;119.08763456344604
Beaumont 2007 Basic;1;1.12;128;0.05;10000;5;1.1197419741974197;88.57965636253357
Beaumont 2007 Basic;1;1.23;128;0.05;10000;5;1.2335033503350334;75.91006708145142
Beaumont 2007 Basic;1;1.34;128;0.05;10000;5;1.3415441544154414;70.77729630470276
Beaumont 2007 Basic;1;1.45;128;0.05;10000;5;1.4485448544854485;67.57647252082825
Beaumont 2007 Basic;1;1.56;128;0.05;10000;5;1.558145814581458;65.6924774646759
Beaumont 2007 Basic;1;1.67;128;0.05;10000;5;1.6683968396839681;64.4387559890747
Beaumont 2007 Basic;1;1.78;128;0.05;10000;5;1.7857985798579856;63.40450644493103
Beaumont 2007 Basic;1;1.8900000000000001;128;0.05;10000;5;1.8935793579357934;62.67276906967163
Beaumont 2007 Basic;1;2.0;128;0.05;10000;5;2.0087708770877084;62.017439126968384
Beaumont 2007 Basic;1;1.01;128;0.1;10000;5;1.0106610661066107;62.54179763793945
Beaumont 2007 Basic;1;1.12;128;0.1;10000;5;1.1203920392039204;49.091888427734375
Beaumont 2007 Basic;1;1.23;128;0.1;10000;5;1.2328532853285328;43.54617786407471
Beaumont 2007 Basic;1;1.34;128;0.1;10000;5;1.34011401140114;40.73312520980835
Beaumont 2007 Basic;1;1.45;128;0.1;10000;5;1.450885088508851;39.07617473602295
Beaumont 2007 Basic;1;1.56;128;0.1;10000;5;1.5589258925892588;38.10267519950867
Beaumont 2007 Basic;1;1.67;128;0.1;10000;5;1.6668366836683668;37.382230043411255
Beaumont 2007 Basic;1;1.78;128;0.1;10000;5;1.7861886188618858;36.918851137161255
Beaumont 2007 Basic;1;1.8900000000000001;128;0.1;10000;5;1.8935793579357934;36.664987325668335
Beaumont 2007 Basic;1;2.0;128;0.1;10000;5;2.0087708770877084;36.40175008773804
Beaumont 2007 Basic;1;1.01;256;0.05;10000;5;1.011181118111811;257.1678590774536
Beaumont 2007 Basic;1;1.12;256;0.05;10000;5;1.1197419741974197;194.79905557632446
Beaumont 2007 Basic;1;1.23;256;0.05;10000;5;1.233113311331133;168.8629355430603
Beaumont 2007 Basic;1;1.34;256;0.05;10000;5;1.3412841284128412;158.3499186038971
Beaumont 2007 Basic;1;1.45;256;0.05;10000;5;1.448154815481548;152.03311038017273
Beaumont 2007 Basic;1;1.56;256;0.05;10000;5;1.5593159315931593;147.79566168785095
Beaumont 2007 Basic;1;1.67;256;0.05;10000;5;1.673207320732073;145.2585620880127
Beaumont 2007 Basic;1;1.78;256;0.05;10000;5;1.78020802080208;143.05406141281128
Beaumont 2007 Basic;1;1.8900000000000001;256;0.05;10000;5;1.891109110911091;142.05986976623535
Beaumont 2007 Basic;1;2.0;256;0.05;10000;5;2.0100710071007097;140.47783398628235
Beaumont 2007 Basic;1;1.01;256;0.1;10000;5;1.0106610661066107;140.5655415058136
Beaumont 2007 Basic;1;1.12;256;0.1;10000;5;1.1196119611961195;115.36825180053711
Beaumont 2007 Basic;1;1.23;256;0.1;10000;5;1.2323332333233323;103.94819760322571
Beaumont 2007 Basic;1;1.34;256;0.1;10000;5;1.3397239723972396;98.28514528274536
Beaumont 2007 Basic;1;1.45;256;0.1;10000;5;1.4480248024802478;95.29391074180603
Beaumont 2007 Basic;1;1.56;256;0.1;10000;5;1.5584058405840584;92.99836778640747
Beaumont 2007 Basic;1;1.67;256;0.1;10000;5;1.6728172817281726;91.81119990348816
Beaumont 2007 Basic;1;1.78;256;0.1;10000;5;1.7846284628462845;90.33967685699463
Beaumont 2007 Basic;1;1.8900000000000001;256;0.1;10000;5;1.8908490849084907;90.51021885871887
Beaumont 2007 Basic;1;2.0;256;0.1;10000;5;2.013321332133213;89.54264235496521
Beaumont 2007 Basic;2;1.01;128;0.05;10000;5;1.0101410141014102;118.94159460067749
Beaumont 2007 Basic;2;1.12;128;0.05;10000;5;1.1205220522052204;88.77522253990173
Beaumont 2007 Basic;2;1.23;128;0.05;10000;5;1.2344134413441343;75.9534375667572
Beaumont 2007 Basic;2;1.34;128;0.05;10000;5;1.342064206420642;70.884446144104
Beaumont 2007 Basic;2;1.45;128;0.05;10000;5;1.4534853485348533;67.71180081367493
Beaumont 2007 Basic;2;1.56;128;0.05;10000;5;1.5616561656165615;65.60223245620728
Beaumont 2007 Basic;2;1.67;128;0.05;10000;5;1.669046904690469;64.59313797950745
Beaumont 2007 Basic;2;1.78;128;0.05;10000;5;1.775137513751375;63.58720278739929
Beaumont 2007 Basic;2;1.8900000000000001;128;0.05;10000;5;1.89019901990199;62.688069105148315
Beaumont 2007 Basic;2;2.0;128;0.05;10000;5;1.9957695769576955;62.209725856781006
Beaumont 2007 Basic;2;1.01;128;0.1;10000;5;1.0114411441144115;64.31370687484741
Beaumont 2007 Basic;2;1.12;128;0.1;10000;5;1.1213021302130213;49.436187744140625
Beaumont 2007 Basic;2;1.23;128;0.1;10000;5;1.2345434543454346;43.67320942878723
Beaumont 2007 Basic;2;1.34;128;0.1;10000;5;1.342194219421942;40.85339570045471
Beaumont 2007 Basic;2;1.45;128;0.1;10000;5;1.451015101510151;39.234349966049194
Beaumont 2007 Basic;2;1.56;128;0.1;10000;5;1.5615261526152615;38.337238788604736
Beaumont 2007 Basic;2;1.67;128;0.1;10000;5;1.6676167616761675;37.47836756706238
Beaumont 2007 Basic;2;1.78;128;0.1;10000;5;1.7790379037903787;36.94401812553406
Beaumont 2007 Basic;2;1.8900000000000001;128;0.1;10000;5;1.885128512851285;36.62233591079712
Beaumont 2007 Basic;2;2.0;128;0.1;10000;5;2.001100110011001;36.28618049621582
Beaumont 2007 Basic;2;1.01;256;0.05;10000;5;1.011051105110511;256.57862520217896
Beaumont 2007 Basic;2;1.12;256;0.05;10000;5;1.1203920392039204;194.26300740242004
Beaumont 2007 Basic;2;1.23;256;0.05;10000;5;1.2337633763376337;168.730783700943
Beaumont 2007 Basic;2;1.34;256;0.05;10000;5;1.3424542454245425;158.11310696601868
Beaumont 2007 Basic;2;1.45;256;0.05;10000;5;1.452055205520552;151.48815941810608
Beaumont 2007 Basic;2;1.56;256;0.05;10000;5;1.5616561656165615;147.75620293617249
Beaumont 2007 Basic;2;1.67;256;0.05;10000;5;1.6686568656865686;145.09743762016296
Beaumont 2007 Basic;2;1.78;256;0.05;10000;5;1.7752675267526752;143.99000024795532
Beaumont 2007 Basic;2;1.8900000000000001;256;0.05;10000;5;1.8888988898889887;142.41232562065125
Beaumont 2007 Basic;2;2.0;256;0.05;10000;5;2.0007100710071004;140.9450867176056
Beaumont 2007 Basic;2;1.01;256;0.1;10000;5;1.0106610661066107;142.33752346038818
Beaumont 2007 Basic;2;1.12;256;0.1;10000;5;1.1213021302130213;115.63835501670837
Beaumont 2007 Basic;2;1.23;256;0.1;10000;5;1.235063506350635;104.118821144104
Beaumont 2007 Basic;2;1.34;256;0.1;10000;5;1.3424542454245425;98.08150386810303
Beaumont 2007 Basic;2;1.45;256;0.1;10000;5;1.4519251925192518;95.07846426963806
Beaumont 2007 Basic;2;1.56;256;0.1;10000;5;1.5626962696269626;92.83383440971375
Beaumont 2007 Basic;2;1.67;256;0.1;10000;5;1.6674867486748672;91.80470037460327
Beaumont 2007 Basic;2;1.78;256;0.1;10000;5;1.7737073707370734;90.48773527145386
Beaumont 2007 Basic;2;1.8900000000000001;256;0.1;10000;5;1.8797979797979796;90.01751613616943
Beaumont 2007 Basic;2;2.0;256;0.1;10000;5;1.996159615961596;89.79702186584473
Beaumont 2007 Basic;3;1.01;128;0.05;10000;5;1.0081908190819082;129.84802961349487
Beaumont 2007 Basic;3;1.12;128;0.05;10000;5;1.119091909190919;88.9433217048645
Beaumont 2007 Basic;3;1.23;128;0.05;10000;5;1.2302530253025301;76.45218896865845
Beaumont 2007 Basic;3;1.34;128;0.05;10000;5;1.3393339333933394;70.78952240943909
Beaumont 2007 Basic;3;1.45;128;0.05;10000;5;1.4459445944594458;67.6188063621521
Beaumont 2007 Basic;3;1.56;128;0.05;10000;5;1.5590559055905588;65.56236338615417
Beaumont 2007 Basic;3;1.67;128;0.05;10000;5;1.6677467746774677;64.30169701576233
Beaumont 2007 Basic;3;1.78;128;0.05;10000;5;1.7704570457045703;63.4857177734375
Beaumont 2007 Basic;3;1.8900000000000001;128;0.05;10000;5;1.8943594359435942;62.616557359695435
Beaumont 2007 Basic;3;2.0;128;0.05;10000;5;2.0008400840084004;62.04485893249512
Beaumont 2007 Basic;3;1.01;128;0.1;10000;5;1.008060806080608;66.80674409866333
Beaumont 2007 Basic;3;1.12;128;0.1;10000;5;1.1187018701870186;49.18973922729492
Beaumont 2007 Basic;3;1.23;128;0.1;10000;5;1.2283028302830283;43.74151539802551
Beaumont 2007 Basic;3;1.34;128;0.1;10000;5;1.3397239723972396;40.86007618904114
Beaumont 2007 Basic;3;1.45;128;0.1;10000;5;1.4468546854685467;39.09527111053467
Beaumont 2007 Basic;3;1.56;128;0.1;10000;5;1.5564556455645562;38.15739464759827
Beaumont 2007 Basic;3;1.67;128;0.1;10000;5;1.6670967096709668;37.52675485610962
Beaumont 2007 Basic;3;1.78;128;0.1;10000;5;1.781118111811181;37.15863347053528
Beaumont 2007 Basic;3;1.8900000000000001;128;0.1;10000;5;1.8939693969396938;36.500842571258545
Beaumont 2007 Basic;3;2.0;128;0.1;10000;5;1.9879687968796877;36.39500975608826
Beaumont 2007 Basic;3;1.01;256;0.05;10000;5;1.0075407540754076;276.35335659980774
Beaumont 2007 Basic;3;1.12;256;0.05;10000;5;1.1185718571857186;194.14959740638733
Beaumont 2007 Basic;3;1.23;256;0.05;10000;5;1.227912791279128;169.1320357322693
Beaumont 2007 Basic;3;1.34;256;0.05;10000;5;1.3384238423842383;158.76033926010132
Beaumont 2007 Basic;3;1.45;256;0.05;10000;5;1.4439943994399438;152.53945302963257
Beaumont 2007 Basic;3;1.56;256;0.05;10000;5;1.5576257625762575;147.9937083721161
Beaumont 2007 Basic;3;1.67;256;0.05;10000;5;1.669176917691769;145.65886449813843
Beaumont 2007 Basic;3;1.78;256;0.05;10000;5;1.7779977997799778;143.46454405784607
Beaumont 2007 Basic;3;1.8900000000000001;256;0.05;10000;5;1.8938393839383938;142.25429034233093
Beaumont 2007 Basic;3;2.0;256;0.05;10000;5;1.9988898889888986;141.10453701019287
Beaumont 2007 Basic;3;1.01;256;0.1;10000;5;1.0085808580858087;149.1868588924408
Beaumont 2007 Basic;3;1.12;256;0.1;10000;5;1.1192219221922193;115.7033121585846
Beaumont 2007 Basic;3;1.23;256;0.1;10000;5;1.2281728172817281;105.23711514472961
Beaumont 2007 Basic;3;1.34;256;0.1;10000;5;1.3385538553855385;98.70931959152222
Beaumont 2007 Basic;3;1.45;256;0.1;10000;5;1.4447744774477447;95.71638870239258
Beaumont 2007 Basic;3;1.56;256;0.1;10000;5;1.5582758275827582;93.36960577964783
Beaumont 2007 Basic;3;1.67;256;0.1;10000;5;1.6635863586358635;92.17177248001099
Beaumont 2007 Basic;3;1.78;256;0.1;10000;5;1.7777377737773774;91.88031148910522
Beaumont 2007 Basic;3;1.8900000000000001;256;0.1;10000;5;1.8953995399539951;90.98870086669922
Beaumont 2007 Basic;3;2.0;256;0.1;10000;5;2.003310331033103;89.77070021629333
Beaumont 2007 Basic;4;1.01;128;0.05;10000;5;1.0092309230923093;125.04350423812866
Beaumont 2007 Basic;4;1.12;128;0.05;10000;5;1.119091909190919;89.03117156028748
Beaumont 2007 Basic;4;1.23;128;0.05;10000;5;1.2307730773077308;76.54680681228638
Beaumont 2007 Basic;4;1.34;128;0.05;10000;5;1.3384238423842383;70.94513821601868
Beaumont 2007 Basic;4;1.45;128;0.05;10000;5;1.4465946594659465;67.71959233283997
Beaumont 2007 Basic;4;1.56;128;0.05;10000;5;1.5568456845684566;65.76692128181458
Beaumont 2007 Basic;4;1.67;128;0.05;10000;5;1.6628062806280628;64.4813346862793
Beaumont 2007 Basic;4;1.78;128;0.05;10000;5;1.7678567856785676;63.74802088737488
Beaumont 2007 Basic;4;1.8900000000000001;128;0.05;10000;5;1.8677067706770676;63.124654054641724
Beaumont 2007 Basic;4;2.0;128;0.05;10000;5;1.9908290829082906;62.198158979415894
Beaumont 2007 Basic;4;1.01;128;0.1;10000;5;1.0094909490949096;64.2399320602417
Beaumont 2007 Basic;4;1.12;128;0.1;10000;5;1.1196119611961195;49.419957637786865
Beaumont 2007 Basic;4;1.23;128;0.1;10000;5;1.2303830383038303;44.06915616989136
Beaumont 2007 Basic;4;1.34;128;0.1;10000;5;1.3372537253725372;41.01911544799805
Beaumont 2007 Basic;4;1.45;128;0.1;10000;5;1.4452945294529451;39.31505036354065
Beaumont 2007 Basic;4;1.56;128;0.1;10000;5;1.5550255025502548;38.48940396308899
Beaumont 2007 Basic;4;1.67;128;0.1;10000;5;1.6635863586358635;37.741657972335815
Beaumont 2007 Basic;4;1.78;128;0.1;10000;5;1.7694169416941692;37.21883702278137
Beaumont 2007 Basic;4;1.8900000000000001;128;0.1;10000;5;1.8700470047004698;36.82058382034302
Beaumont 2007 Basic;4;2.0;128;0.1;10000;5;1.9804280428042802;36.53036403656006
Beaumont 2007 Basic;4;1.01;256;0.05;10000;5;1.0096209620962096;260.22678804397583
Beaumont 2007 Basic;4;1.12;256;0.05;10000;5;1.119091909190919;194.69873690605164
Beaumont 2007 Basic;4;1.23;256;0.05;10000;5;1.2286928692869286;169.6787612438202
Beaumont 2007 Basic;4;1.34;256;0.05;10000;5;1.3384238423842383;158.4720458984375
Beaumont 2007 Basic;4;1.45;256;0.05;10000;5;1.4454245424542453;152.20222187042236
Beaumont 2007 Basic;4;1.56;256;0.05;10000;5;1.5554155415541553;147.98499512672424
Beaumont 2007 Basic;4;1.67;256;0.05;10000;5;1.662156215621562;145.98236322402954
Beaumont 2007 Basic;4;1.78;256;0.05;10000;5;1.7703270327032703;143.70530128479004
Beaumont 2007 Basic;4;1.8900000000000001;256;0.05;10000;5;1.864976497649765;142.43392062187195
Beaumont 2007 Basic;4;2.0;256;0.05;10000;5;1.9812081208120809;141.15998220443726
Beaumont 2007 Basic;4;1.01;256;0.1;10000;5;1.0088408840884089;144.23394298553467
Beaumont 2007 Basic;4;1.12;256;0.1;10000;5;1.119091909190919;115.68033027648926
Beaumont 2007 Basic;4;1.23;256;0.1;10000;5;1.2305130513051306;105.17886328697205
Beaumont 2007 Basic;4;1.34;256;0.1;10000;5;1.3399839983998398;98.63403081893921
Beaumont 2007 Basic;4;1.45;256;0.1;10000;5;1.445034503450345;94.96975827217102
Beaumont 2007 Basic;4;1.56;256;0.1;10000;5;1.5582758275827582;93.2931900024414
Beaumont 2007 Basic;4;1.67;256;0.1;10000;5;1.657215721572157;92.19158124923706
Beaumont 2007 Basic;4;1.78;256;0.1;10000;5;1.7677267726772676;90.90603423118591
Beaumont 2007 Basic;4;1.8900000000000001;256;0.1;10000;5;1.8597759775977596;90.88895082473755
Beaumont 2007 Basic;4;2.0;256;0.1;10000;5;1.9865386538653862;89.79911494255066
Beaumont 2007 Basic;5;1.01;128;0.05;10000;5;1.0087108710871087;128.47349572181702
Beaumont 2007 Basic;5;1.12;128;0.05;10000;5;1.1193519351935193;88.73267436027527
Beaumont 2007 Basic;5;1.23;128;0.05;10000;5;1.227132713271327;76.66286540031433
Beaumont 2007 Basic;5;1.34;128;0.05;10000;5;1.3353035303530352;71.1952772140503
Beaumont 2007 Basic;5;1.45;128;0.05;10000;5;1.442044204420442;68.03067302703857
Beaumont 2007 Basic;5;1.56;128;0.05;10000;5;1.549174917491749;65.79071259498596
Beaumont 2007 Basic;5;1.67;128;0.05;10000;5;1.6587758775877586;64.57025957107544
Beaumont 2007 Basic;5;1.78;128;0.05;10000;5;1.7599259925992596;63.57528567314148
Beaumont 2007 Basic;5;1.8900000000000001;128;0.05;10000;5;1.8743374337433742;62.72517275810242
Beaumont 2007 Basic;5;2.0;128;0.05;10000;5;1.9848484848484846;62.22847771644592
Beaumont 2007 Basic;5;1.01;128;0.1;10000;5;1.0078007800780078;65.67971134185791
Beaumont 2007 Basic;5;1.12;128;0.1;10000;5;1.1201320132013202;49.699727296829224
Beaumont 2007 Basic;5;1.23;128;0.1;10000;5;1.2263526352635263;43.995611906051636
Beaumont 2007 Basic;5;1.34;128;0.1;10000;5;1.3337433743374336;41.29197025299072
Beaumont 2007 Basic;5;1.45;128;0.1;10000;5;1.4426942694269425;39.58961272239685
Beaumont 2007 Basic;5;1.56;128;0.1;10000;5;1.5498249824982497;38.71620726585388
Beaumont 2007 Basic;5;1.67;128;0.1;10000;5;1.6574757475747575;37.710649728775024
Beaumont 2007 Basic;5;1.78;128;0.1;10000;5;1.7599259925992596;37.37454152107239
Beaumont 2007 Basic;5;1.8900000000000001;128;0.1;10000;5;1.8666666666666665;36.8574104309082
Beaumont 2007 Basic;5;2.0;128;0.1;10000;5;1.9697669766976695;36.70809483528137
Beaumont 2007 Basic;5;1.01;256;0.05;10000;5;1.0076707670767078;278.9278576374054
Beaumont 2007 Basic;5;1.12;256;0.05;10000;5;1.1193519351935193;194.90449595451355
Beaumont 2007 Basic;5;1.23;256;0.05;10000;5;1.2264826482648263;170.07783603668213
Beaumont 2007 Basic;5;1.34;256;0.05;10000;5;1.334913491349135;159.18741631507874
Beaumont 2007 Basic;5;1.45;256;0.05;10000;5;1.4404840484048405;153.16624641418457
Beaumont 2007 Basic;5;1.56;256;0.05;10000;5;1.5507350735073506;148.4068992137909
Beaumont 2007 Basic;5;1.67;256;0.05;10000;5;1.6604660466046604;146.344575881958
Beaumont 2007 Basic;5;1.78;256;0.05;10000;5;1.7627862786278627;144.04358077049255
Beaumont 2007 Basic;5;1.8900000000000001;256;0.05;10000;5;1.8756375637563756;142.79180335998535
Beaumont 2007 Basic;5;2.0;256;0.05;10000;5;1.9830283028302826;141.5049569606781
Beaumont 2007 Basic;5;1.01;256;0.1;10000;5;1.0075407540754076;150.571115732193
Beaumont 2007 Basic;5;1.12;256;0.1;10000;5;1.12000200020002;115.7290358543396
Beaumont 2007 Basic;5;1.23;256;0.1;10000;5;1.2273927392739274;104.6117935180664
Beaumont 2007 Basic;5;1.34;256;0.1;10000;5;1.334003400340034;98.96779608726501
Beaumont 2007 Basic;5;1.45;256;0.1;10000;5;1.4423042304230422;95.44536519050598
Beaumont 2007 Basic;5;1.56;256;0.1;10000;5;1.54995499549955;93.38626313209534
Beaumont 2007 Basic;5;1.67;256;0.1;10000;5;1.6578657865786577;92.07711148262024
Beaumont 2007 Basic;5;1.78;256;0.1;10000;5;1.7625262526252623;91.02508306503296
Beaumont 2007 Basic;5;1.8900000000000001;256;0.1;10000;5;1.8684868486848683;90.43425679206848
Beaumont 2007 Basic;5;2.0;256;0.1;10000;5;1.9715871587158713;90.0654993057251
Beaumont 2007 Basic;6;1.01;128;0.05;10000;5;1.0088408840884089;125.37580585479736
Beaumont 2007 Basic;6;1.12;128;0.05;10000;5;1.1193519351935193;89.06125569343567
Beaumont 2007 Basic;6;1.23;128;0.05;10000;5;1.2303830383038303;76.30055713653564
Beaumont 2007 Basic;6;1.34;128;0.05;10000;5;1.3407640764076407;70.8122968673706
Beaumont 2007 Basic;6;1.45;128;0.05;10000;5;1.4523152315231522;67.71524047851562
Beaumont 2007 Basic;6;1.56;128;0.05;10000;5;1.5629562956295628;65.52237319946289
Beaumont 2007 Basic;6;1.67;128;0.05;10000;5;1.6686568656865686;64.55699443817139
Beaumont 2007 Basic;6;1.78;128;0.05;10000;5;1.7828082808280827;63.57414245605469
Beaumont 2007 Basic;6;1.8900000000000001;128;0.05;10000;5;1.916201620162016;62.70949339866638
Beaumont 2007 Basic;6;2.0;128;0.05;10000;5;2.0277527752775275;61.95326209068298
Beaumont 2007 Basic;6;1.01;128;0.1;10000;5;1.0078007800780078;64.84022188186646
Beaumont 2007 Basic;6;1.12;128;0.1;10000;5;1.1209120912091208;49.40761947631836
Beaumont 2007 Basic;6;1.23;128;0.1;10000;5;1.2296029602960297;44.100555181503296
Beaumont 2007 Basic;6;1.34;128;0.1;10000;5;1.3411541154115412;41.128653049468994
Beaumont 2007 Basic;6;1.45;128;0.1;10000;5;1.4516651665166516;39.29782199859619
Beaumont 2007 Basic;6;1.56;128;0.1;10000;5;1.5595759575957593;38.29094672203064
Beaumont 2007 Basic;6;1.67;128;0.1;10000;5;1.6655365536553655;37.67776346206665
Beaumont 2007 Basic;6;1.78;128;0.1;10000;5;1.7855385538553854;37.07991552352905
Beaumont 2007 Basic;6;1.8900000000000001;128;0.1;10000;5;1.9116511651165116;36.71754217147827
Beaumont 2007 Basic;6;2.0;128;0.1;10000;5;2.042574257425742;36.45188522338867
Beaumont 2007 Basic;6;1.01;256;0.05;10000;5;1.0081908190819082;273.4268412590027
Beaumont 2007 Basic;6;1.12;256;0.05;10000;5;1.1201320132013202;194.41484117507935
Beaumont 2007 Basic;6;1.23;256;0.05;10000;5;1.2285628562856286;169.99166131019592
Beaumont 2007 Basic;6;1.34;256;0.05;10000;5;1.3405040504050405;159.07429885864258
Beaumont 2007 Basic;6;1.45;256;0.05;10000;5;1.45023502350235;151.82048416137695
Beaumont 2007 Basic;6;1.56;256;0.05;10000;5;1.561916191619162;147.7486526966095
Beaumont 2007 Basic;6;1.67;256;0.05;10000;5;1.6663166316631661;145.44624257087708
Beaumont 2007 Basic;6;1.78;256;0.05;10000;5;1.7915191519151912;143.80145120620728
Beaumont 2007 Basic;6;1.8900000000000001;256;0.05;10000;5;1.9076207620762076;141.9348018169403
Beaumont 2007 Basic;6;2.0;256;0.05;10000;5;2.0347734773477346;140.62779140472412
Beaumont 2007 Basic;6;1.01;256;0.1;10000;5;1.0088408840884089;147.579274892807
Beaumont 2007 Basic;6;1.12;256;0.1;10000;5;1.1201320132013202;115.5732011795044
Beaumont 2007 Basic;6;1.23;256;0.1;10000;5;1.2294729472947294;104.42260336875916
Beaumont 2007 Basic;6;1.34;256;0.1;10000;5;1.341024102410241;98.30929112434387
Beaumont 2007 Basic;6;1.45;256;0.1;10000;5;1.449064906490649;94.74900889396667
Beaumont 2007 Basic;6;1.56;256;0.1;10000;5;1.5608760876087606;93.00413727760315
Beaumont 2007 Basic;6;1.67;256;0.1;10000;5;1.6672267226722672;92.76773571968079
Beaumont 2007 Basic;6;1.78;256;0.1;10000;5;1.7900890089008898;90.6044704914093
Beaumont 2007 Basic;6;1.8900000000000001;256;0.1;10000;5;1.9120412041204118;90.65264654159546
Beaumont 2007 Basic;6;2.0;256;0.1;10000;5;2.036463646364636;89.12668776512146
Beaumont 2007 Basic;7;1.01;128;0.05;10000;5;1.0087108710871087;126.83434510231018
Beaumont 2007 Basic;7;1.12;128;0.05;10000;5;1.1206520652065206;88.79605627059937
Beaumont 2007 Basic;7;1.23;128;0.05;10000;5;1.2286928692869286;76.52195692062378
Beaumont 2007 Basic;7;1.34;128;0.05;10000;5;1.3392039203920392;71.09158778190613
Beaumont 2007 Basic;7;1.45;128;0.05;10000;5;1.4532253225322531;67.93748569488525
Beaumont 2007 Basic;7;1.56;128;0.05;10000;5;1.5708870887088708;65.66601538658142
Beaumont 2007 Basic;7;1.67;128;0.05;10000;5;1.6837383738373837;64.58904242515564
Beaumont 2007 Basic;7;1.78;128;0.05;10000;5;1.797239723972397;63.30077075958252
Beaumont 2007 Basic;7;1.8900000000000001;128;0.05;10000;5;1.9297229722972296;62.78092360496521
Beaumont 2007 Basic;7;2.0;128;0.05;10000;5;2.034123412341234;62.021347522735596
Beaumont 2007 Basic;7;1.01;128;0.1;10000;5;1.0085808580858087;64.77678108215332
Beaumont 2007 Basic;7;1.12;128;0.1;10000;5;1.1202620262026202;49.64722919464111
Beaumont 2007 Basic;7;1.23;128;0.1;10000;5;1.2286928692869286;44.03578209877014
Beaumont 2007 Basic;7;1.34;128;0.1;10000;5;1.3419341934193418;40.90101146697998
Beaumont 2007 Basic;7;1.45;128;0.1;10000;5;1.4488048804880487;39.256328105926514
Beaumont 2007 Basic;7;1.56;128;0.1;10000;5;1.56997699769977;38.13044238090515
Beaumont 2007 Basic;7;1.67;128;0.1;10000;5;1.6888088808880886;37.692052125930786
Beaumont 2007 Basic;7;1.78;128;0.1;10000;5;1.8015301530153014;36.90841770172119
Beaumont 2007 Basic;7;1.8900000000000001;128;0.1;10000;5;1.9329732973297329;36.66845655441284
Beaumont 2007 Basic;7;2.0;128;0.1;10000;5;2.04010401040104;36.33041596412659
Beaumont 2007 Basic;7;1.01;256;0.05;10000;5;1.0087108710871087;269.4521026611328
Beaumont 2007 Basic;7;1.12;256;0.05;10000;5;1.1207820782078208;194.6291754245758
Beaumont 2007 Basic;7;1.23;256;0.05;10000;5;1.2288228822882288;169.8273115158081
Beaumont 2007 Basic;7;1.34;256;0.05;10000;5;1.3414141414141414;158.735036611557
Beaumont 2007 Basic;7;1.45;256;0.05;10000;5;1.4525752575257525;152.82678079605103
Beaumont 2007 Basic;7;1.56;256;0.05;10000;5;1.569326932693269;147.81051301956177
Beaumont 2007 Basic;7;1.67;256;0.05;10000;5;1.6869886988698868;145.72154831886292
Beaumont 2007 Basic;7;1.78;256;0.05;10000;5;1.798279827982798;143.3617537021637
Beaumont 2007 Basic;7;1.8900000000000001;256;0.05;10000;5;1.9342734273427342;141.43319487571716
Beaumont 2007 Basic;7;2.0;256;0.05;10000;5;2.0386738673867386;140.5399398803711
Beaumont 2007 Basic;7;1.01;256;0.1;10000;5;1.0096209620962096;145.94758081436157
Beaumont 2007 Basic;7;1.12;256;0.1;10000;5;1.121042104210421;115.8322639465332
Beaumont 2007 Basic;7;1.23;256;0.1;10000;5;1.2286928692869286;105.60167455673218
Beaumont 2007 Basic;7;1.34;256;0.1;10000;5;1.3416741674167416;98.84314942359924
Beaumont 2007 Basic;7;1.45;256;0.1;10000;5;1.452185218521852;95.5894386768341
Beaumont 2007 Basic;7;1.56;256;0.1;10000;5;1.5703670367036704;93.1860888004303
Beaumont 2007 Basic;7;1.67;256;0.1;10000;5;1.6917991799179917;91.63604402542114
Beaumont 2007 Basic;7;1.78;256;0.1;10000;5;1.7991899189918992;90.77733397483826
Beaumont 2007 Basic;7;1.8900000000000001;256;0.1;10000;5;1.932193219321932;90.38167452812195
Beaumont 2007 Basic;7;2.0;256;0.1;10000;5;2.036853685368537;89.28919696807861
Beaumont 2007 Basic;8;1.01;128;0.05;10000;5;1.0118311831183118;117.58136057853699
Beaumont 2007 Basic;8;1.12;128;0.05;10000;5;1.1220822082208222;88.6759865283966
Beaumont 2007 Basic;8;1.23;128;0.05;10000;5;1.2314231423142314;76.10725569725037
Beaumont 2007 Basic;8;1.34;128;0.05;10000;5;1.3419341934193418;70.73043370246887
Beaumont 2007 Basic;8;1.45;128;0.05;10000;5;1.4495849584958496;67.71907234191895
Beaumont 2007 Basic;8;1.56;128;0.05;10000;5;1.557235723572357;65.7864158153534
Beaumont 2007 Basic;8;1.67;128;0.05;10000;5;1.6613761376137612;64.41347527503967
Beaumont 2007 Basic;8;1.78;128;0.05;10000;5;1.7678567856785676;63.76271939277649
Beaumont 2007 Basic;8;1.8900000000000001;128;0.05;10000;5;1.8744674467446742;62.97560906410217
Beaumont 2007 Basic;8;2.0;128;0.05;10000;5;1.9879687968796877;62.17014265060425
Beaumont 2007 Basic;8;1.01;128;0.1;10000;5;1.012091209120912;64.04125547409058
Beaumont 2007 Basic;8;1.12;128;0.1;10000;5;1.1226022602260226;49.665337324142456
Beaumont 2007 Basic;8;1.23;128;0.1;10000;5;1.2294729472947294;44.01255559921265
Beaumont 2007 Basic;8;1.34;128;0.1;10000;5;1.3438843884388438;40.909518003463745
Beaumont 2007 Basic;8;1.45;128;0.1;10000;5;1.4484148414841482;39.475507974624634
Beaumont 2007 Basic;8;1.56;128;0.1;10000;5;1.5559355935593557;38.323139667510986
Beaumont 2007 Basic;8;1.67;128;0.1;10000;5;1.6607260726072606;37.415714502334595
Beaumont 2007 Basic;8;1.78;128;0.1;10000;5;1.7630463046304627;37.40231657028198
Beaumont 2007 Basic;8;1.8900000000000001;128;0.1;10000;5;1.866276627662766;36.97272753715515
Beaumont 2007 Basic;8;2.0;128;0.1;10000;5;1.98003800380038;36.54676580429077
Beaumont 2007 Basic;8;1.01;256;0.05;10000;5;1.0115711571157116;258.36194825172424
Beaumont 2007 Basic;8;1.12;256;0.05;10000;5;1.1226022602260226;193.99053382873535
Beaumont 2007 Basic;8;1.23;256;0.05;10000;5;1.231033103310331;170.60754585266113
Beaumont 2007 Basic;8;1.34;256;0.05;10000;5;1.3434943494349434;164.98036456108093
Beaumont 2007 Basic;8;1.45;256;0.05;10000;5;1.4504950495049505;152.0100712776184
Beaumont 2007 Basic;8;1.56;256;0.05;10000;5;1.5537253725372535;147.82251954078674
Beaumont 2007 Basic;8;1.67;256;0.05;10000;5;1.662026202620262;144.94002175331116
Beaumont 2007 Basic;8;1.78;256;0.05;10000;5;1.7695469546954694;143.88447070121765
Beaumont 2007 Basic;8;1.8900000000000001;256;0.05;10000;5;1.8703070307030703;142.43349409103394
Beaumont 2007 Basic;8;2.0;256;0.05;10000;5;1.9864086408640862;141.05488061904907
Beaumont 2007 Basic;8;1.01;256;0.1;10000;5;1.0123512351235124;143.6070637702942
Beaumont 2007 Basic;8;1.12;256;0.1;10000;5;1.1227322732273226;115.72685360908508
Beaumont 2007 Basic;8;1.23;256;0.1;10000;5;1.2305130513051306;104.18052363395691
Beaumont 2007 Basic;8;1.34;256;0.1;10000;5;1.3432343234323432;98.52642226219177
Beaumont 2007 Basic;8;1.45;256;0.1;10000;5;1.4488048804880487;95.0820734500885
Beaumont 2007 Basic;8;1.56;256;0.1;10000;5;1.553335333533353;93.33963632583618
Beaumont 2007 Basic;8;1.67;256;0.1;10000;5;1.6648864886488646;91.46685266494751
Beaumont 2007 Basic;8;1.78;256;0.1;10000;5;1.7644764476447643;90.82106328010559
Beaumont 2007 Basic;8;1.8900000000000001;256;0.1;10000;5;1.8714771477147711;89.88698720932007
Beaumont 2007 Basic;8;2.0;256;0.1;10000;5;1.9804280428042802;89.58032321929932
Beaumont 2007 Basic;9;1.01;128;0.05;10000;5;1.01001100110011;125.242178440094
Beaumont 2007 Basic;9;1.12;128;0.05;10000;5;1.1207820782078208;88.54899072647095
Beaumont 2007 Basic;9;1.23;128;0.05;10000;5;1.2306430643064306;76.4518141746521
Beaumont 2007 Basic;9;1.34;128;0.05;10000;5;1.3418041804180416;70.83060073852539
Beaumont 2007 Basic;9;1.45;128;0.05;10000;5;1.4536153615361536;67.51786756515503
Beaumont 2007 Basic;9;1.56;128;0.05;10000;5;1.5593159315931593;65.89649724960327
Beaumont 2007 Basic;9;1.67;128;0.05;10000;5;1.669046904690469;64.5243592262268
Beaumont 2007 Basic;9;1.78;128;0.05;10000;5;1.7835883588358834;63.637897968292236
Beaumont 2007 Basic;9;1.8900000000000001;128;0.05;10000;5;1.9059305930593058;62.90314745903015
Beaumont 2007 Basic;9;2.0;128;0.05;10000;5;2.015401540154015;62.26361918449402
Beaumont 2007 Basic;9;1.01;128;0.1;10000;5;1.0096209620962096;65.93125438690186
Beaumont 2007 Basic;9;1.12;128;0.1;10000;5;1.1218221822182217;49.39865851402283
Beaumont 2007 Basic;9;1.23;128;0.1;10000;5;1.2303830383038303;44.11086869239807
Beaumont 2007 Basic;9;1.34;128;0.1;10000;5;1.3398539853985398;40.91718578338623
Beaumont 2007 Basic;9;1.45;128;0.1;10000;5;1.4554355435543553;39.14969491958618
Beaumont 2007 Basic;9;1.56;128;0.1;10000;5;1.558015801580158;38.255425214767456
Beaumont 2007 Basic;9;1.67;128;0.1;10000;5;1.669306930693069;37.67753028869629
Beaumont 2007 Basic;9;1.78;128;0.1;10000;5;1.7768276827682765;37.14143443107605
Beaumont 2007 Basic;9;1.8900000000000001;128;0.1;10000;5;1.9076207620762076;36.706724405288696
Beaumont 2007 Basic;9;2.0;128;0.1;10000;5;2.0142314231423137;36.21576547622681
Beaumont 2007 Basic;9;1.01;256;0.05;10000;5;1.01001100110011;265.3834939002991
Beaumont 2007 Basic;9;1.12;256;0.05;10000;5;1.1213021302130213;193.77266335487366
Beaumont 2007 Basic;9;1.23;256;0.05;10000;5;1.2307730773077308;169.46166729927063
Beaumont 2007 Basic;9;1.34;256;0.05;10000;5;1.3415441544154414;158.24387097358704
Beaumont 2007 Basic;9;1.45;256;0.05;10000;5;1.4537453745374536;152.39663410186768
Beaumont 2007 Basic;9;1.56;256;0.05;10000;5;1.5585358535853584;147.95149040222168
Beaumont 2007 Basic;9;1.67;256;0.05;10000;5;1.665926592659266;145.6701202392578
Beaumont 2007 Basic;9;1.78;256;0.05;10000;5;1.7807280728072805;143.25418996810913
Beaumont 2007 Basic;9;1.8900000000000001;256;0.05;10000;5;1.904110411041104;142.2574713230133
Beaumont 2007 Basic;9;2.0;256;0.05;10000;5;2.0148814881488146;140.9716477394104
Beaumont 2007 Basic;9;1.01;256;0.1;10000;5;1.0098809880988098;146.62199997901917
Beaumont 2007 Basic;9;1.12;256;0.1;10000;5;1.1216921692169217;115.52115726470947
Beaumont 2007 Basic;9;1.23;256;0.1;10000;5;1.2292129212921292;104.40339374542236
Beaumont 2007 Basic;9;1.34;256;0.1;10000;5;1.3427142714271425;98.5354871749878
Beaumont 2007 Basic;9;1.45;256;0.1;10000;5;1.4536153615361536;95.48083806037903
Beaumont 2007 Basic;9;1.56;256;0.1;10000;5;1.5548954895489548;93.20929908752441
Beaumont 2007 Basic;9;1.67;256;0.1;10000;5;1.6667066706670666;92.39427900314331
Beaumont 2007 Basic;9;1.78;256;0.1;10000;5;1.7755275527552752;90.68496322631836
Beaumont 2007 Basic;9;1.8900000000000001;256;0.1;10000;5;1.9015101510151013;90.3159396648407
Beaumont 2007 Basic;9;2.0;256;0.1;10000;5;2.0156615661566155;89.3667984008789
Beaumont 2007 Basic;10;1.01;128;0.05;10000;5;1.0115711571157116;117.48492074012756
Beaumont 2007 Basic;10;1.12;128;0.05;10000;5;1.1201320132013202;88.98331308364868
Beaumont 2007 Basic;10;1.23;128;0.05;10000;5;1.232983298329833;76.54598808288574
Beaumont 2007 Basic;10;1.34;128;0.05;10000;5;1.3428442844284427;70.6257905960083
Beaumont 2007 Basic;10;1.45;128;0.05;10000;5;1.4551755175517551;67.63016295433044
Beaumont 2007 Basic;10;1.56;128;0.05;10000;5;1.5599659965996597;65.87569069862366
Beaumont 2007 Basic;10;1.67;128;0.05;10000;5;1.6682668266826681;64.52064943313599
Beaumont 2007 Basic;10;1.78;128;0.05;10000;5;1.7830683068306827;63.411452531814575
Beaumont 2007 Basic;10;1.8900000000000001;128;0.05;10000;5;1.8916291629162916;62.90183162689209
Beaumont 2007 Basic;10;2.0;128;0.05;10000;5;2.0078607860786075;62.10805535316467
Beaumont 2007 Basic;10;1.01;128;0.1;10000;5;1.011181118111811;64.70328450202942
Beaumont 2007 Basic;10;1.12;128;0.1;10000;5;1.1202620262026202;49.332968950271606
Beaumont 2007 Basic;10;1.23;128;0.1;10000;5;1.2327232723272328;43.816086769104004
Beaumont 2007 Basic;10;1.34;128;0.1;10000;5;1.345054505450545;40.78971719741821
Beaumont 2007 Basic;10;1.45;128;0.1;10000;5;1.4562156215621562;39.22864270210266
Beaumont 2007 Basic;10;1.56;128;0.1;10000;5;1.5634763476347633;38.30856657028198
Beaumont 2007 Basic;10;1.67;128;0.1;10000;5;1.6677467746774677;37.56139874458313
Beaumont 2007 Basic;10;1.78;128;0.1;10000;5;1.784108410841084;37.02525520324707
Beaumont 2007 Basic;10;1.8900000000000001;128;0.1;10000;5;1.8830483048304827;36.76070261001587
Beaumont 2007 Basic;10;2.0;128;0.1;10000;5;2.0003200320032004;36.41868734359741
Beaumont 2007 Basic;10;1.01;256;0.05;10000;5;1.012091209120912;258.83420991897583
Beaumont 2007 Basic;10;1.12;256;0.05;10000;5;1.11987198719872;195.20321798324585
Beaumont 2007 Basic;10;1.23;256;0.05;10000;5;1.232983298329833;169.67993879318237
Beaumont 2007 Basic;10;1.34;256;0.05;10000;5;1.3437543754375436;158.27183437347412
Beaumont 2007 Basic;10;1.45;256;0.05;10000;5;1.4545254525452544;152.25590658187866
Beaumont 2007 Basic;10;1.56;256;0.05;10000;5;1.5598359835983597;147.82689332962036
Beaumont 2007 Basic;10;1.67;256;0.05;10000;5;1.6694369436943692;145.61298966407776
Beaumont 2007 Basic;10;1.78;256;0.05;10000;5;1.7833283328332832;143.58266806602478
Beaumont 2007 Basic;10;1.8900000000000001;256;0.05;10000;5;1.8904590459045902;142.48080134391785
Beaumont 2007 Basic;10;2.0;256;0.05;10000;5;2.0000600060005995;140.97763323783875
Beaumont 2007 Basic;10;1.01;256;0.1;10000;5;1.0114411441144115;141.39546060562134
Beaumont 2007 Basic;10;1.12;256;0.1;10000;5;1.12000200020002;115.37503433227539
Beaumont 2007 Basic;10;1.23;256;0.1;10000;5;1.2323332333233323;104.38980960845947
Beaumont 2007 Basic;10;1.34;256;0.1;10000;5;1.341024102410241;98.5201063156128
Beaumont 2007 Basic;10;1.45;256;0.1;10000;5;1.455045504550455;95.27087235450745
Beaumont 2007 Basic;10;1.56;256;0.1;10000;5;1.5597059705970597;92.74403929710388
Beaumont 2007 Basic;10;1.67;256;0.1;10000;5;1.6698269826982697;91.27030611038208
Beaumont 2007 Basic;10;1.78;256;0.1;10000;5;1.7867086708670865;90.56446075439453
Beaumont 2007 Basic;10;1.8900000000000001;256;0.1;10000;5;1.8868186818681867;90.04385876655579
Beaumont 2007 Basic;10;2.0;256;0.1;10000;5;2.0057805780578057;89.30531978607178
Beaumont 2007 Basic;11;1.01;128;0.05;10000;5;1.012091209120912;121.77700352668762
Beaumont 2007 Basic;11;1.12;128;0.05;10000;5;1.118051805180518;89.45164513587952
Beaumont 2007 Basic;11;1.23;128;0.05;10000;5;1.2315531553155314;76.43277430534363
Beaumont 2007 Basic;11;1.34;128;0.05;10000;5;1.3423242324232423;70.88353276252747
Beaumont 2007 Basic;11;1.45;128;0.05;10000;5;1.4532253225322531;67.64813709259033
Beaumont 2007 Basic;11;1.56;128;0.05;10000;5;1.5646464646464646;65.7424476146698
Beaumont 2007 Basic;11;1.67;128;0.05;10000;5;1.6728172817281726;64.43933629989624
Beaumont 2007 Basic;11;1.78;128;0.05;10000;5;1.788138813881388;63.39076519012451
Beaumont 2007 Basic;11;1.8900000000000001;128;0.05;10000;5;1.9176317631763173;62.50909090042114
Beaumont 2007 Basic;11;2.0;128;0.05;10000;5;2.043354335433543;61.985026121139526
Beaumont 2007 Basic;11;1.01;128;0.1;10000;5;1.0118311831183118;64.16867184638977
Beaumont 2007 Basic;11;1.12;128;0.1;10000;5;1.1177917791779177;49.90470314025879
Beaumont 2007 Basic;11;1.23;128;0.1;10000;5;1.2322032203220321;43.923444509506226
Beaumont 2007 Basic;11;1.34;128;0.1;10000;5;1.3423242324232423;41.00729060173035
Beaumont 2007 Basic;11;1.45;128;0.1;10000;5;1.4494549454945493;39.3393235206604
Beaumont 2007 Basic;11;1.56;128;0.1;10000;5;1.5636063606360635;38.495683670043945
Beaumont 2007 Basic;11;1.67;128;0.1;10000;5;1.6745074507450743;37.597851276397705
Beaumont 2007 Basic;11;1.78;128;0.1;10000;5;1.796979697969797;37.15546154975891
Beaumont 2007 Basic;11;1.8900000000000001;128;0.1;10000;5;1.92023202320232;36.75247883796692
Beaumont 2007 Basic;11;2.0;128;0.1;10000;5;2.0495949594959493;36.34962344169617
Beaumont 2007 Basic;11;1.01;256;0.05;10000;5;1.0127412741274127;257.1883580684662
Beaumont 2007 Basic;11;1.12;256;0.05;10000;5;1.1175317531753175;195.46092987060547
Beaumont 2007 Basic;11;1.23;256;0.05;10000;5;1.231163116311631;168.96584963798523
Beaumont 2007 Basic;11;1.34;256;0.05;10000;5;1.3415441544154414;158.02692794799805
Beaumont 2007 Basic;11;1.45;256;0.05;10000;5;1.4525752575257525;151.62557077407837
Beaumont 2007 Basic;11;1.56;256;0.05;10000;5;1.562046204620462;148.52184128761292
Beaumont 2007 Basic;11;1.67;256;0.05;10000;5;1.6756775677567757;145.61951231956482
Beaumont 2007 Basic;11;1.78;256;0.05;10000;5;1.7889188918891887;143.46100902557373
Beaumont 2007 Basic;11;1.8900000000000001;256;0.05;10000;5;1.9149014901490147;142.0021014213562
Beaumont 2007 Basic;11;2.0;256;0.05;10000;5;2.0332133213321333;140.50288486480713
Beaumont 2007 Basic;11;1.01;256;0.1;10000;5;1.0114411441144115;141.76043248176575
Beaumont 2007 Basic;11;1.12;256;0.1;10000;5;1.118051805180518;116.02942109107971
Beaumont 2007 Basic;11;1.23;256;0.1;10000;5;1.231163116311631;104.39607787132263
Beaumont 2007 Basic;11;1.34;256;0.1;10000;5;1.3407640764076407;98.43284392356873
Beaumont 2007 Basic;11;1.45;256;0.1;10000;5;1.4532253225322531;95.1168737411499
Beaumont 2007 Basic;11;1.56;256;0.1;10000;5;1.5634763476347633;93.16503882408142
Beaumont 2007 Basic;11;1.67;256;0.1;10000;5;1.673077307730773;91.76503252983093
Beaumont 2007 Basic;11;1.78;256;0.1;10000;5;1.7916491649164916;90.8745322227478
Beaumont 2007 Basic;11;1.8900000000000001;256;0.1;10000;5;1.9249124912491247;90.01867914199829
Beaumont 2007 Basic;11;2.0;256;0.1;10000;5;2.045174517451745;89.80054569244385
Beaumont 2007 Basic;12;1.01;128;0.05;10000;5;1.0093609360936093;121.26730465888977
Beaumont 2007 Basic;12;1.12;128;0.05;10000;5;1.1187018701870186;89.0561454296112
Beaumont 2007 Basic;12;1.23;128;0.05;10000;5;1.2303830383038303;76.57185912132263
Beaumont 2007 Basic;12;1.34;128;0.05;10000;5;1.342194219421942;70.87920451164246
Beaumont 2007 Basic;12;1.45;128;0.05;10000;5;1.4593359335933593;67.66485261917114
Beaumont 2007 Basic;12;1.56;128;0.05;10000;5;1.5723172317231722;65.7510154247284
Beaumont 2007 Basic;12;1.67;128;0.05;10000;5;1.6843884388438841;64.39946150779724
Beaumont 2007 Basic;12;1.78;128;0.05;10000;5;1.792169216921692;63.50470423698425
Beaumont 2007 Basic;12;1.8900000000000001;128;0.05;10000;5;1.900990099009901;62.62304401397705
Beaumont 2007 Basic;12;2.0;128;0.05;10000;5;2.02047204720472;62.10713458061218
Beaumont 2007 Basic;12;1.01;128;0.1;10000;5;1.0097509750975098;64.93832278251648
Beaumont 2007 Basic;12;1.12;128;0.1;10000;5;1.1189618961896188;49.86433815956116
Beaumont 2007 Basic;12;1.23;128;0.1;10000;5;1.2305130513051306;43.952309131622314
Beaumont 2007 Basic;12;1.34;128;0.1;10000;5;1.3434943494349434;40.80363416671753
Beaumont 2007 Basic;12;1.45;128;0.1;10000;5;1.4582958295829582;39.19156074523926
Beaumont 2007 Basic;12;1.56;128;0.1;10000;5;1.5719271927192717;38.07182240486145
Beaumont 2007 Basic;12;1.67;128;0.1;10000;5;1.6776277627762775;39.940008878707886
Beaumont 2007 Basic;12;1.78;128;0.1;10000;5;1.7955495549554954;36.9729540348053
Beaumont 2007 Basic;12;1.8900000000000001;128;0.1;10000;5;1.9126912691269125;36.58957004547119
Beaumont 2007 Basic;12;2.0;128;0.1;10000;5;2.029312931293129;36.48543095588684
Beaumont 2007 Basic;12;1.01;256;0.05;10000;5;1.0101410141014102;267.27901244163513
Beaumont 2007 Basic;12;1.12;256;0.05;10000;5;1.1185718571857186;194.4338517189026
Beaumont 2007 Basic;12;1.23;256;0.05;10000;5;1.2306430643064306;169.43300771713257
Beaumont 2007 Basic;12;1.34;256;0.05;10000;5;1.341024102410241;157.71693205833435
Beaumont 2007 Basic;12;1.45;256;0.05;10000;5;1.459075907590759;151.51928615570068
Beaumont 2007 Basic;12;1.56;256;0.05;10000;5;1.5750475047504748;157.70935368537903
Beaumont 2007 Basic;12;1.67;256;0.05;10000;5;1.681008100810081;145.2061562538147
Beaumont 2007 Basic;12;1.78;256;0.05;10000;5;1.7912591259125912;143.3613097667694
Beaumont 2007 Basic;12;1.8900000000000001;256;0.05;10000;5;1.9013801380138011;142.10056018829346
Beaumont 2007 Basic;12;2.0;256;0.05;10000;5;2.0215121512151213;140.20333981513977
Beaumont 2007 Basic;12;1.01;256;0.1;10000;5;1.0098809880988098;144.40056943893433
Beaumont 2007 Basic;12;1.12;256;0.1;10000;5;1.1192219221922193;115.88606095314026
Beaumont 2007 Basic;12;1.23;256;0.1;10000;5;1.2297329732973297;104.662912607193
Beaumont 2007 Basic;12;1.34;256;0.1;10000;5;1.343104310431043;98.48032903671265
Beaumont 2007 Basic;12;1.45;256;0.1;10000;5;1.4575157515751573;94.83307933807373
Beaumont 2007 Basic;12;1.56;256;0.1;10000;5;1.5723172317231722;92.69523501396179
Beaumont 2007 Basic;12;1.67;256;0.1;10000;5;1.687118711871187;91.31147789955139
Beaumont 2007 Basic;12;1.78;256;0.1;10000;5;1.7928192819281925;90.72846579551697
Beaumont 2007 Basic;12;1.8900000000000001;256;0.1;10000;5;1.9052805280528051;89.78701448440552
Beaumont 2007 Basic;12;2.0;256;0.1;10000;5;2.0198219821982195;89.07037734985352
Beaumont 2007 Basic;13;1.01;128;0.05;10000;5;1.0113111311131113;120.79381966590881
Beaumont 2007 Basic;13;1.12;128;0.05;10000;5;1.1189618961896188;88.80398321151733
Beaumont 2007 Basic;13;1.23;128;0.05;10000;5;1.2293429342934292;76.59092330932617
Beaumont 2007 Basic;13;1.34;128;0.05;10000;5;1.3375137513751374;71.43839240074158
Beaumont 2007 Basic;13;1.45;128;0.05;10000;5;1.4468546854685467;67.6270260810852
Beaumont 2007 Basic;13;1.56;128;0.05;10000;5;1.5584058405840584;65.80241417884827
Beaumont 2007 Basic;13;1.67;128;0.05;10000;5;1.6725572557255726;64.51627469062805
Beaumont 2007 Basic;13;1.78;128;0.05;10000;5;1.78033803380338;63.70811629295349
Beaumont 2007 Basic;13;1.8900000000000001;128;0.05;10000;5;1.8895489548954894;62.76976537704468
Beaumont 2007 Basic;13;2.0;128;0.05;10000;5;2.0012301230123013;62.188191175460815
Beaumont 2007 Basic;13;1.01;128;0.1;10000;5;1.0118311831183118;62.83298349380493
Beaumont 2007 Basic;13;1.12;128;0.1;10000;5;1.1188318831883188;49.25674772262573
Beaumont 2007 Basic;13;1.23;128;0.1;10000;5;1.2293429342934292;43.985525369644165
Beaumont 2007 Basic;13;1.34;128;0.1;10000;5;1.3372537253725372;40.9633846282959
Beaumont 2007 Basic;13;1.45;128;0.1;10000;5;1.4473747374737473;39.42713785171509
Beaumont 2007 Basic;13;1.56;128;0.1;10000;5;1.5585358535853584;38.293570041656494
Beaumont 2007 Basic;13;1.67;128;0.1;10000;5;1.6706070607060703;37.625601291656494
Beaumont 2007 Basic;13;1.78;128;0.1;10000;5;1.784368436843684;37.02890086174011
Beaumont 2007 Basic;13;1.8900000000000001;128;0.1;10000;5;1.8856485648564854;36.79576873779297
Beaumont 2007 Basic;13;2.0;128;0.1;10000;5;2.004350435043504;36.29594969749451
Beaumont 2007 Basic;13;1.01;256;0.05;10000;5;1.011181118111811;258.66052985191345
Beaumont 2007 Basic;13;1.12;256;0.05;10000;5;1.1189618961896188;194.75469374656677
Beaumont 2007 Basic;13;1.23;256;0.05;10000;5;1.227912791279128;169.67633295059204
Beaumont 2007 Basic;13;1.34;256;0.05;10000;5;1.3376437643764376;158.506920337677
Beaumont 2007 Basic;13;1.45;256;0.05;10000;5;1.45023502350235;152.9574625492096
Beaumont 2007 Basic;13;1.56;256;0.05;10000;5;1.562046204620462;147.72276091575623
Beaumont 2007 Basic;13;1.67;256;0.05;10000;5;1.6742474247424741;145.9111762046814
Beaumont 2007 Basic;13;1.78;256;0.05;10000;5;1.7824182418241823;143.22756481170654
Beaumont 2007 Basic;13;1.8900000000000001;256;0.05;10000;5;1.8873387338733871;142.68131971359253
Beaumont 2007 Basic;13;2.0;256;0.05;10000;5;2.002400240024002;140.29194283485413
Beaumont 2007 Basic;13;1.01;256;0.1;10000;5;1.0117011701170118;145.35485291481018
Beaumont 2007 Basic;13;1.12;256;0.1;10000;5;1.1189618961896188;115.21817660331726
Beaumont 2007 Basic;13;1.23;256;0.1;10000;5;1.227912791279128;104.32855749130249
Beaumont 2007 Basic;13;1.34;256;0.1;10000;5;1.3376437643764376;98.7086431980133
Beaumont 2007 Basic;13;1.45;256;0.1;10000;5;1.4495849584958496;95.36392450332642
Beaumont 2007 Basic;13;1.56;256;0.1;10000;5;1.5590559055905588;93.05521631240845
Beaumont 2007 Basic;13;1.67;256;0.1;10000;5;1.6729472947294728;91.9853458404541
Beaumont 2007 Basic;13;1.78;256;0.1;10000;5;1.7863186318631863;90.76501417160034
Beaumont 2007 Basic;13;1.8900000000000001;256;0.1;10000;5;1.8846084608460845;90.33337330818176
Beaumont 2007 Basic;13;2.0;256;0.1;10000;5;1.9956395639563955;89.61355566978455
Beaumont 2007 Basic;14;1.01;128;0.05;10000;5;1.0117011701170118;119.80101609230042
Beaumont 2007 Basic;14;1.12;128;0.05;10000;5;1.11987198719872;89.10145425796509
Beaumont 2007 Basic;14;1.23;128;0.05;10000;5;1.2309030903090308;76.59332275390625
Beaumont 2007 Basic;14;1.34;128;0.05;10000;5;1.3405040504050405;70.90443301200867
Beaumont 2007 Basic;14;1.45;128;0.05;10000;5;1.446204620462046;67.88455843925476
Beaumont 2007 Basic;14;1.56;128;0.05;10000;5;1.5568456845684566;65.85355830192566
Beaumont 2007 Basic;14;1.67;128;0.05;10000;5;1.6685268526852683;64.49126505851746
Beaumont 2007 Basic;14;1.78;128;0.05;10000;5;1.7727972797279725;63.69913983345032
Beaumont 2007 Basic;14;1.8900000000000001;128;0.05;10000;5;1.8825282528252822;63.00179624557495
Beaumont 2007 Basic;14;2.0;128;0.05;10000;5;1.9893989398939893;62.30770230293274
Beaumont 2007 Basic;14;1.01;128;0.1;10000;5;1.0124812481248124;63.98835802078247
Beaumont 2007 Basic;14;1.12;128;0.1;10000;5;1.11987198719872;49.51573944091797
Beaumont 2007 Basic;14;1.23;128;0.1;10000;5;1.2312931293129312;43.873703479766846
Beaumont 2007 Basic;14;1.34;128;0.1;10000;5;1.3416741674167416;41.01617121696472
Beaumont 2007 Basic;14;1.45;128;0.1;10000;5;1.4488048804880487;39.25504660606384
Beaumont 2007 Basic;14;1.56;128;0.1;10000;5;1.5564556455645562;38.26493787765503
Beaumont 2007 Basic;14;1.67;128;0.1;10000;5;1.669046904690469;37.66883420944214
Beaumont 2007 Basic;14;1.78;128;0.1;10000;5;1.7740974097409739;37.282788038253784
Beaumont 2007 Basic;14;1.8900000000000001;128;0.1;10000;5;1.88031803180318;36.699875831604004
Beaumont 2007 Basic;14;2.0;128;0.1;10000;5;2.0020102010201017;36.56532645225525
Beaumont 2007 Basic;14;1.01;256;0.05;10000;5;1.0122212221222122;257.4881513118744
Beaumont 2007 Basic;14;1.12;256;0.05;10000;5;1.1185718571857186;194.8121383190155
Beaumont 2007 Basic;14;1.23;256;0.05;10000;5;1.2315531553155314;169.03220796585083
Beaumont 2007 Basic;14;1.34;256;0.05;10000;5;1.3412841284128412;158.27258157730103
Beaumont 2007 Basic;14;1.45;256;0.05;10000;5;1.4476347634763476;152.2454550266266
Beaumont 2007 Basic;14;1.56;256;0.05;10000;5;1.554245424542454;148.79632186889648
Beaumont 2007 Basic;14;1.67;256;0.05;10000;5;1.6655365536553655;145.06580233573914
Beaumont 2007 Basic;14;1.78;256;0.05;10000;5;1.7720172017201719;142.89777755737305
Beaumont 2007 Basic;14;1.8900000000000001;256;0.05;10000;5;1.881228122812281;141.706458568573
Beaumont 2007 Basic;14;2.0;256;0.05;10000;5;1.9948594859485946;140.22843384742737
Beaumont 2007 Basic;14;1.01;256;0.1;10000;5;1.0128712871287129;144.39576315879822
Beaumont 2007 Basic;14;1.12;256;0.1;10000;5;1.1194819481948195;126.52408933639526
Beaumont 2007 Basic;14;1.23;256;0.1;10000;5;1.2307730773077308;102.51932168006897
Beaumont 2007 Basic;14;1.34;256;0.1;10000;5;1.3416741674167416;96.97713947296143
Beaumont 2007 Basic;14;1.45;256;0.1;10000;5;1.4452945294529451;94.14631390571594
Beaumont 2007 Basic;14;1.56;256;0.1;10000;5;1.5597059705970597;91.94140315055847
Beaumont 2007 Basic;14;1.67;256;0.1;10000;5;1.6704770477047703;90.59242796897888
Beaumont 2007 Basic;14;1.78;256;0.1;10000;5;1.7756575657565756;89.80661725997925
Beaumont 2007 Basic;14;1.8900000000000001;256;0.1;10000;5;1.888248824882488;89.223792552948
Beaumont 2007 Basic;14;2.0;256;0.1;10000;5;1.9984998499849982;88.50514030456543
Beaumont 2007 Basic;15;1.01;128;0.05;10000;5;1.0098809880988098;123.6782157421112
Beaumont 2007 Basic;15;1.12;128;0.05;10000;5;1.1166216621662166;87.91274237632751
Beaumont 2007 Basic;15;1.23;128;0.05;10000;5;1.2263526352635263;75.33207702636719
Beaumont 2007 Basic;15;1.34;128;0.05;10000;5;1.3366036603660365;69.8130509853363
Beaumont 2007 Basic;15;1.45;128;0.05;10000;5;1.446204620462046;66.79070043563843
Beaumont 2007 Basic;15;1.56;128;0.05;10000;5;1.5545054505450544;65.45342969894409
Beaumont 2007 Basic;15;1.67;128;0.05;10000;5;1.6643664366436641;63.359649896621704
Beaumont 2007 Basic;15;1.78;128;0.05;10000;5;1.7898289828982896;62.58937168121338
Beaumont 2007 Basic;15;1.8900000000000001;128;0.05;10000;5;1.8853885388538851;61.90548515319824
Beaumont 2007 Basic;15;2.0;128;0.05;10000;5;1.9796479647964795;61.42101788520813
Beaumont 2007 Basic;15;1.01;128;0.1;10000;5;1.0085808580858087;64.86840176582336
Beaumont 2007 Basic;15;1.12;128;0.1;10000;5;1.1161016101610162;48.768511056900024
Beaumont 2007 Basic;15;1.23;128;0.1;10000;5;1.2266126612661266;43.054988384246826
Beaumont 2007 Basic;15;1.34;128;0.1;10000;5;1.339073907390739;39.98347496986389
Beaumont 2007 Basic;15;1.45;128;0.1;10000;5;1.45010501050105;38.33263158798218
Beaumont 2007 Basic;15;1.56;128;0.1;10000;5;1.5547654765476546;37.514190673828125
Beaumont 2007 Basic;15;1.67;128;0.1;10000;5;1.6703470347034703;36.7143189907074
Beaumont 2007 Basic;15;1.78;128;0.1;10000;5;1.7912591259125912;36.377346992492676
Beaumont 2007 Basic;15;1.8900000000000001;128;0.1;10000;5;1.8765476547654765;35.797443151474
Beaumont 2007 Basic;15;2.0;128;0.1;10000;5;1.9891389138913889;35.77195429801941
Beaumont 2007 Basic;15;1.01;256;0.05;10000;5;1.009100910091009;265.14571714401245
Beaumont 2007 Basic;15;1.12;256;0.05;10000;5;1.1168816881688168;194.0606813430786
Beaumont 2007 Basic;15;1.23;256;0.05;10000;5;1.2267426742674268;168.43014550209045
Beaumont 2007 Basic;15;1.34;256;0.05;10000;5;1.3372537253725372;157.04829668998718
Beaumont 2007 Basic;15;1.45;256;0.05;10000;5;1.4476347634763476;152.01309847831726
Beaumont 2007 Basic;15;1.56;256;0.05;10000;5;1.5548954895489548;147.3426115512848
Beaumont 2007 Basic;15;1.67;256;0.05;10000;5;1.669306930693069;143.85707116127014
Beaumont 2007 Basic;15;1.78;256;0.05;10000;5;1.7876187618761874;142.77687335014343
Beaumont 2007 Basic;15;1.8900000000000001;256;0.05;10000;5;1.8796679667966796;140.64284372329712
Beaumont 2007 Basic;15;2.0;256;0.05;10000;5;1.9810781078107809;140.13990139961243
Beaumont 2007 Basic;15;1.01;256;0.1;10000;5;1.0093609360936093;143.42383074760437
Beaumont 2007 Basic;15;1.12;256;0.1;10000;5;1.115971597159716;115.50685739517212
Beaumont 2007 Basic;15;1.23;256;0.1;10000;5;1.2273927392739274;104.34698224067688
Beaumont 2007 Basic;15;1.34;256;0.1;10000;5;1.3377737773777376;96.74375581741333
Beaumont 2007 Basic;15;1.45;256;0.1;10000;5;1.4485448544854485;93.55040121078491
Beaumont 2007 Basic;15;1.56;256;0.1;10000;5;1.5576257625762575;91.6957619190216
Beaumont 2007 Basic;15;1.67;256;0.1;10000;5;1.66995699569957;90.5224142074585
Beaumont 2007 Basic;15;1.78;256;0.1;10000;5;1.7907390739073905;89.24510860443115
Beaumont 2007 Basic;15;1.8900000000000001;256;0.1;10000;5;1.8886388638863885;88.6292245388031
Beaumont 2007 Basic;15;2.0;256;0.1;10000;5;1.9904390439043902;87.96161413192749
Beaumont 2007 Basic;16;1.01;128;0.05;10000;5;1.0097509750975098;122.66224527359009
Beaumont 2007 Basic;16;1.12;128;0.05;10000;5;1.1203920392039204;87.19768071174622
Beaumont 2007 Basic;16;1.23;128;0.05;10000;5;1.2296029602960297;75.42213678359985
Beaumont 2007 Basic;16;1.34;128;0.05;10000;5;1.3397239723972396;69.61834979057312
Beaumont 2007 Basic;16;1.45;128;0.05;10000;5;1.4497149714971496;66.58432006835938
Beaumont 2007 Basic;16;1.56;128;0.05;10000;5;1.565946594659466;66.38171362876892
Beaumont 2007 Basic;16;1.67;128;0.05;10000;5;1.6676167616761675;63.56314396858215
Beaumont 2007 Basic;16;1.78;128;0.05;10000;5;1.7756575657565756;62.85767483711243
Beaumont 2007 Basic;16;1.8900000000000001;128;0.05;10000;5;1.888118811881188;61.91351366043091
Beaumont 2007 Basic;16;2.0;128;0.05;10000;5;2.0094209420942093;60.92712211608887
Beaumont 2007 Basic;16;1.01;128;0.1;10000;5;1.0093609360936093;63.987929582595825
Beaumont 2007 Basic;16;1.12;128;0.1;10000;5;1.1201320132013202;48.4209041595459
Beaumont 2007 Basic;16;1.23;128;0.1;10000;5;1.2301230123012301;43.12324333190918
Beaumont 2007 Basic;16;1.34;128;0.1;10000;5;1.3403740374037403;40.10104727745056
Beaumont 2007 Basic;16;1.45;128;0.1;10000;5;1.4504950495049505;38.46515083312988
Beaumont 2007 Basic;16;1.56;128;0.1;10000;5;1.5626962696269626;37.81696176528931
Beaumont 2007 Basic;16;1.67;128;0.1;10000;5;1.6639763976397637;37.062294244766235
Beaumont 2007 Basic;16;1.78;128;0.1;10000;5;1.7726672667266725;36.52479553222656
Beaumont 2007 Basic;16;1.8900000000000001;128;0.1;10000;5;1.8935793579357934;36.102949142456055
Beaumont 2007 Basic;16;2.0;128;0.1;10000;5;2.0037003700370035;35.826430320739746
Beaumont 2007 Basic;16;1.01;256;0.05;10000;5;1.0102710271027102;255.75796175003052
Beaumont 2007 Basic;16;1.12;256;0.05;10000;5;1.1215621562156215;191.50893712043762
Beaumont 2007 Basic;16;1.23;256;0.05;10000;5;1.2286928692869286;167.70331025123596
Beaumont 2007 Basic;16;1.34;256;0.05;10000;5;1.3424542454245425;156.57269740104675
Beaumont 2007 Basic;16;1.45;256;0.05;10000;5;1.454915491549155;150.77125310897827
Beaumont 2007 Basic;16;1.56;256;0.05;10000;5;1.566076607660766;146.29118633270264
Beaumont 2007 Basic;16;1.67;256;0.05;10000;5;1.6676167616761675;144.25756430625916
Beaumont 2007 Basic;16;1.78;256;0.05;10000;5;1.772407240724072;142.10402703285217
Beaumont 2007 Basic;16;1.8900000000000001;256;0.05;10000;5;1.8913691369136911;141.96329736709595
Beaumont 2007 Basic;16;2.0;256;0.05;10000;5;2.0079907990799075;139.59441447257996
Beaumont 2007 Basic;16;1.01;256;0.1;10000;5;1.01001100110011;142.24197340011597
Beaumont 2007 Basic;16;1.12;256;0.1;10000;5;1.1215621562156215;112.85752773284912
Beaumont 2007 Basic;16;1.23;256;0.1;10000;5;1.2276527652765277;102.97145485877991
Beaumont 2007 Basic;16;1.34;256;0.1;10000;5;1.3395939593959394;96.29216146469116
Beaumont 2007 Basic;16;1.45;256;0.1;10000;5;1.4517951795179518;93.65363550186157
Beaumont 2007 Basic;16;1.56;256;0.1;10000;5;1.5647764776477646;91.19535994529724
Beaumont 2007 Basic;16;1.67;256;0.1;10000;5;1.6673567356735672;90.54907369613647
Beaumont 2007 Basic;16;1.78;256;0.1;10000;5;1.7760476047604759;89.13446879386902
Beaumont 2007 Basic;16;1.8900000000000001;256;0.1;10000;5;1.8907190719071905;88.9955677986145
Beaumont 2007 Basic;16;2.0;256;0.1;10000;5;2.0018801880188017;87.80121803283691
Beaumont 2007 Basic;17;1.01;128;0.05;10000;5;1.0098809880988098;121.46192979812622
Beaumont 2007 Basic;17;1.12;128;0.05;10000;5;1.1224722472247224;86.51294779777527
Beaumont 2007 Basic;17;1.23;128;0.05;10000;5;1.234933493349335;74.38864588737488
Beaumont 2007 Basic;17;1.34;128;0.05;10000;5;1.3446644664466447;69.10977172851562
Beaumont 2007 Basic;17;1.45;128;0.05;10000;5;1.4597259725972596;65.95735764503479
Beaumont 2007 Basic;17;1.56;128;0.05;10000;5;1.569196919691969;64.03459763526917
Beaumont 2007 Basic;17;1.67;128;0.05;10000;5;1.6795779577957795;62.79664874076843
Beaumont 2007 Basic;17;1.78;128;0.05;10000;5;1.7926892689268925;61.85387587547302
Beaumont 2007 Basic;17;1.8900000000000001;128;0.05;10000;5;1.892279227922792;61.35871887207031
Beaumont 2007 Basic;17;2.0;128;0.05;10000;5;2.005260526052605;60.62635636329651
Beaumont 2007 Basic;17;1.01;128;0.1;10000;5;1.0087108710871087;63.882752656936646
Beaumont 2007 Basic;17;1.12;128;0.1;10000;5;1.1214321432143215;47.758442640304565
Beaumont 2007 Basic;17;1.23;128;0.1;10000;5;1.234283428342834;42.5157573223114
Beaumont 2007 Basic;17;1.34;128;0.1;10000;5;1.3464846484648465;39.656835317611694
Beaumont 2007 Basic;17;1.45;128;0.1;10000;5;1.4579057905790578;38.01851534843445
Beaumont 2007 Basic;17;1.56;128;0.1;10000;5;1.571147114711471;36.91947674751282
Beaumont 2007 Basic;17;1.67;128;0.1;10000;5;1.6841284128412841;36.523306131362915
Beaumont 2007 Basic;17;1.78;128;0.1;10000;5;1.796199619961996;35.93057155609131
Beaumont 2007 Basic;17;1.8900000000000001;128;0.1;10000;5;1.8939693969396938;35.752829790115356
Beaumont 2007 Basic;17;2.0;128;0.1;10000;5;1.999279927992799;35.47242569923401
Beaumont 2007 Basic;17;1.01;256;0.05;10000;5;1.0093609360936093;262.51543498039246
Beaumont 2007 Basic;17;1.12;256;0.05;10000;5;1.1215621562156215;189.90185451507568
Beaumont 2007 Basic;17;1.23;256;0.05;10000;5;1.2345434543454346;166.94398856163025
Beaumont 2007 Basic;17;1.34;256;0.05;10000;5;1.3454445444544454;155.66383409500122
Beaumont 2007 Basic;17;1.45;256;0.05;10000;5;1.4577757775777576;149.03664422035217
Beaumont 2007 Basic;17;1.56;256;0.05;10000;5;1.57010701070107;145.28034448623657
Beaumont 2007 Basic;17;1.67;256;0.05;10000;5;1.6832183218321832;143.0607533454895
Beaumont 2007 Basic;17;1.78;256;0.05;10000;5;1.7938593859385938;141.04113173484802
Beaumont 2007 Basic;17;1.8900000000000001;256;0.05;10000;5;1.8917591759175916;140.11638760566711
Beaumont 2007 Basic;17;2.0;256;0.05;10000;5;2.0001900190019;138.2860872745514
Beaumont 2007 Basic;17;1.01;256;0.1;10000;5;1.0101410141014102;142.2143235206604
Beaumont 2007 Basic;17;1.12;256;0.1;10000;5;1.1215621562156215;112.86492013931274
Beaumont 2007 Basic;17;1.23;256;0.1;10000;5;1.2348034803480348;101.97227168083191
Beaumont 2007 Basic;17;1.34;256;0.1;10000;5;1.345054505450545;96.15681028366089
Beaumont 2007 Basic;17;1.45;256;0.1;10000;5;1.4571257125712571;93.49978351593018
Beaumont 2007 Basic;17;1.56;256;0.1;10000;5;1.5708870887088708;91.41413736343384
Beaumont 2007 Basic;17;1.67;256;0.1;10000;5;1.6828282828282828;90.19678521156311
Beaumont 2007 Basic;17;1.78;256;0.1;10000;5;1.7913891389138912;89.47033143043518
Beaumont 2007 Basic;17;1.8900000000000001;256;0.1;10000;5;1.8957895789578956;89.16781067848206
Beaumont 2007 Basic;17;2.0;256;0.1;10000;5;1.9940794079407937;88.01432013511658
Beaumont 2007 Basic;18;1.01;128;0.05;10000;5;1.0101410141014102;121.01557898521423
Beaumont 2007 Basic;18;1.12;128;0.05;10000;5;1.1218221822182217;87.04551267623901
Beaumont 2007 Basic;18;1.23;128;0.05;10000;5;1.2314231423142314;75.07748198509216
Beaumont 2007 Basic;18;1.34;128;0.05;10000;5;1.343104310431043;69.45352578163147
Beaumont 2007 Basic;18;1.45;128;0.05;10000;5;1.4512751275127511;66.55450558662415
Beaumont 2007 Basic;18;1.56;128;0.05;10000;5;1.5615261526152615;64.77367496490479
Beaumont 2007 Basic;18;1.67;128;0.05;10000;5;1.6728172817281726;63.618916273117065
Beaumont 2007 Basic;18;1.78;128;0.05;10000;5;1.7880088008800878;62.544456243515015
Beaumont 2007 Basic;18;1.8900000000000001;128;0.05;10000;5;1.9068406840684067;62.092711448669434
Beaumont 2007 Basic;18;2.0;128;0.05;10000;5;2.0060406040604057;61.25939083099365
Beaumont 2007 Basic;18;1.01;128;0.1;10000;5;1.0105310531053104;62.007786989212036
Beaumont 2007 Basic;18;1.12;128;0.1;10000;5;1.1202620262026202;48.10298943519592
Beaumont 2007 Basic;18;1.23;128;0.1;10000;5;1.2312931293129312;42.9867000579834
Beaumont 2007 Basic;18;1.34;128;0.1;10000;5;1.3416741674167416;40.249199628829956
Beaumont 2007 Basic;18;1.45;128;0.1;10000;5;1.45023502350235;38.347553730010986
Beaumont 2007 Basic;18;1.56;128;0.1;10000;5;1.5597059705970597;37.86254096031189
Beaumont 2007 Basic;18;1.67;128;0.1;10000;5;1.6752875287528752;36.62949061393738
Beaumont 2007 Basic;18;1.78;128;0.1;10000;5;1.788268826882688;36.43151235580444
Beaumont 2007 Basic;18;1.8900000000000001;128;0.1;10000;5;1.9116511651165116;35.73459005355835
Beaumont 2007 Basic;18;2.0;128;0.1;10000;5;2.0295729572957293;35.88564419746399
Beaumont 2007 Basic;18;1.01;256;0.05;10000;5;1.0104010401040104;259.11403489112854
Beaumont 2007 Basic;18;1.12;256;0.05;10000;5;1.1214321432143215;191.67143201828003
Beaumont 2007 Basic;18;1.23;256;0.05;10000;5;1.2309030903090308;167.27293062210083
Beaumont 2007 Basic;18;1.34;256;0.05;10000;5;1.3416741674167416;156.46278738975525
Beaumont 2007 Basic;18;1.45;256;0.05;10000;5;1.4516651665166516;149.8327178955078
Beaumont 2007 Basic;18;1.56;256;0.05;10000;5;1.5642564256425642;146.97492051124573
Beaumont 2007 Basic;18;1.67;256;0.05;10000;5;1.6737273727372735;143.82550716400146
Beaumont 2007 Basic;18;1.78;256;0.05;10000;5;1.7929492949294927;141.7215337753296
Beaumont 2007 Basic;18;1.8900000000000001;256;0.05;10000;5;1.9065806580658062;139.79300260543823
Beaumont 2007 Basic;18;2.0;256;0.05;10000;5;2.0177417741774173;139.13246607780457
Beaumont 2007 Basic;18;1.01;256;0.1;10000;5;1.0102710271027102;140.4271981716156
Beaumont 2007 Basic;18;1.12;256;0.1;10000;5;1.1213021302130213;112.69484972953796
Beaumont 2007 Basic;18;1.23;256;0.1;10000;5;1.231163116311631;101.70957636833191
Beaumont 2007 Basic;18;1.34;256;0.1;10000;5;1.341024102410241;96.6427071094513
Beaumont 2007 Basic;18;1.45;256;0.1;10000;5;1.4524452445244522;93.04801630973816
Beaumont 2007 Basic;18;1.56;256;0.1;10000;5;1.561916191619162;91.3330647945404
Beaumont 2007 Basic;18;1.67;256;0.1;10000;5;1.678147814781478;89.80031824111938
Beaumont 2007 Basic;18;1.78;256;0.1;10000;5;1.7877487748774876;88.90419960021973
Beaumont 2007 Basic;18;1.8900000000000001;256;0.1;10000;5;1.907100710071007;88.13679957389832
Beaumont 2007 Basic;18;2.0;256;0.1;10000;5;2.0173517351735173;87.89891505241394
Beaumont 2007 Basic;19;1.01;128;0.05;10000;5;1.011051105110511;119.44287109375
Beaumont 2007 Basic;19;1.12;128;0.05;10000;5;1.1209120912091208;86.48572874069214
Beaumont 2007 Basic;19;1.23;128;0.05;10000;5;1.2332433243324332;74.52716565132141
Beaumont 2007 Basic;19;1.34;128;0.05;10000;5;1.35012501250125;69.12390470504761
Beaumont 2007 Basic;19;1.45;128;0.05;10000;5;1.4642764276427642;65.73839974403381
Beaumont 2007 Basic;19;1.56;128;0.05;10000;5;1.5779077907790777;64.21235227584839
Beaumont 2007 Basic;19;1.67;128;0.05;10000;5;1.681008100810081;62.90793466567993
Beaumont 2007 Basic;19;1.78;128;0.05;10000;5;1.7968496849684965;62.09762644767761
Beaumont 2007 Basic;19;1.8900000000000001;128;0.05;10000;5;1.8981298129812978;61.339431047439575
Beaumont 2007 Basic;19;2.0;128;0.05;10000;5;2.0141014101410137;60.762619972229004
Beaumont 2007 Basic;19;1.01;128;0.1;10000;5;1.0105310531053104;62.048564195632935
Beaumont 2007 Basic;19;1.12;128;0.1;10000;5;1.121042104210421;48.32897925376892
Beaumont 2007 Basic;19;1.23;128;0.1;10000;5;1.2337633763376337;43.0372097492218
Beaumont 2007 Basic;19;1.34;128;0.1;10000;5;1.3507750775077507;39.850172996520996
Beaumont 2007 Basic;19;1.45;128;0.1;10000;5;1.465966596659666;38.36351490020752
Beaumont 2007 Basic;19;1.56;128;0.1;10000;5;1.5736173617361735;37.15183734893799
Beaumont 2007 Basic;19;1.67;128;0.1;10000;5;1.688028802880288;36.773929595947266
Beaumont 2007 Basic;19;1.78;128;0.1;10000;5;1.7980198019801978;36.216153144836426
Beaumont 2007 Basic;19;1.8900000000000001;128;0.1;10000;5;1.9065806580658062;36.30088567733765
Beaumont 2007 Basic;19;2.0;128;0.1;10000;5;2.013061306130613;35.516332149505615
Beaumont 2007 Basic;19;1.01;256;0.05;10000;5;1.0113111311131113;250.5616340637207
Beaumont 2007 Basic;19;1.12;256;0.05;10000;5;1.1226022602260226;190.81866812705994
Beaumont 2007 Basic;19;1.23;256;0.05;10000;5;1.2337633763376337;167.14272046089172
Beaumont 2007 Basic;19;1.34;256;0.05;10000;5;1.35012501250125;156.57759809494019
Beaumont 2007 Basic;19;1.45;256;0.05;10000;5;1.4650565056505649;149.54211688041687
Beaumont 2007 Basic;19;1.56;256;0.05;10000;5;1.5762176217621762;146.0155324935913
Beaumont 2007 Basic;19;1.67;256;0.05;10000;5;1.6841284128412841;143.28302574157715
Beaumont 2007 Basic;19;1.78;256;0.05;10000;5;1.796979697969797;141.5653977394104
Beaumont 2007 Basic;19;1.8900000000000001;256;0.05;10000;5;1.9029402940294027;140.6556990146637
Beaumont 2007 Basic;19;2.0;256;0.05;10000;5;2.0098109810981093;139.19214534759521
Beaumont 2007 Basic;19;1.01;256;0.1;10000;5;1.0117011701170118;140.3781988620758
Beaumont 2007 Basic;19;1.12;256;0.1;10000;5;1.1220822082208222;113.75627732276917
Beaumont 2007 Basic;19;1.23;256;0.1;10000;5;1.2336333633363337;103.67661046981812
Beaumont 2007 Basic;19;1.34;256;0.1;10000;5;1.3507750775077507;96.47157955169678
Beaumont 2007 Basic;19;1.45;256;0.1;10000;5;1.465186518651865;95.10694885253906
Beaumont 2007 Basic;19;1.56;256;0.1;10000;5;1.5753075307530753;91.83672070503235
Beaumont 2007 Basic;19;1.67;256;0.1;10000;5;1.6833483348334832;90.06803917884827
Beaumont 2007 Basic;19;1.78;256;0.1;10000;5;1.7928192819281925;89.83695721626282
Beaumont 2007 Basic;19;1.8900000000000001;256;0.1;10000;5;1.9024202420242022;88.9590699672699
Beaumont 2007 Basic;19;2.0;256;0.1;10000;5;2.0138413841384137;88.16171884536743
Beaumont 2007 Basic;20;1.01;128;0.05;10000;5;1.0105310531053104;117.09345769882202
Beaumont 2007 Basic;20;1.12;128;0.05;10000;5;1.11987198719872;86.78117084503174
Beaumont 2007 Basic;20;1.23;128;0.05;10000;5;1.2286928692869286;75.38082313537598
Beaumont 2007 Basic;20;1.34;128;0.05;10000;5;1.3371237123712372;69.68372583389282
Beaumont 2007 Basic;20;1.45;128;0.05;10000;5;1.4516651665166516;66.84653496742249
Beaumont 2007 Basic;20;1.56;128;0.05;10000;5;1.5595759575957593;64.79842329025269
Beaumont 2007 Basic;20;1.67;128;0.05;10000;5;1.6721672167216721;63.663073778152466
Beaumont 2007 Basic;20;1.78;128;0.05;10000;5;1.774227422742274;62.605427503585815
Beaumont 2007 Basic;20;1.8900000000000001;128;0.05;10000;5;1.885128512851285;61.760411977767944
Beaumont 2007 Basic;20;2.0;128;0.05;10000;5;1.9979797979797977;61.039053440093994
Beaumont 2007 Basic;20;1.01;128;0.1;10000;5;1.0102710271027102;63.56380105018616
Beaumont 2007 Basic;20;1.12;128;0.1;10000;5;1.1206520652065206;48.32709813117981
Beaumont 2007 Basic;20;1.23;128;0.1;10000;5;1.2275227522752274;43.44299817085266
Beaumont 2007 Basic;20;1.34;128;0.1;10000;5;1.3368636863686367;40.14163565635681
Beaumont 2007 Basic;20;1.45;128;0.1;10000;5;1.4486748674867487;38.70540809631348
Beaumont 2007 Basic;20;1.56;128;0.1;10000;5;1.5568456845684566;37.33410024642944
Beaumont 2007 Basic;20;1.67;128;0.1;10000;5;1.6687868786878686;36.75233292579651
Beaumont 2007 Basic;20;1.78;128;0.1;10000;5;1.7760476047604759;36.39301896095276
Beaumont 2007 Basic;20;1.8900000000000001;128;0.1;10000;5;1.8860386038603858;35.98776698112488
Beaumont 2007 Basic;20;2.0;128;0.1;10000;5;1.9995399539953993;35.557424545288086
Beaumont 2007 Basic;20;1.01;256;0.05;10000;5;1.0104010401040104;258.50060653686523
Beaumont 2007 Basic;20;1.12;256;0.05;10000;5;1.1197419741974197;191.9504747390747
Beaumont 2007 Basic;20;1.23;256;0.05;10000;5;1.229082908290829;167.85404753684998
Beaumont 2007 Basic;20;1.34;256;0.05;10000;5;1.3375137513751374;156.60392332077026
Beaumont 2007 Basic;20;1.45;256;0.05;10000;5;1.4514051405140513;150.25139474868774
Beaumont 2007 Basic;20;1.56;256;0.05;10000;5;1.5584058405840584;146.58862686157227
Beaumont 2007 Basic;20;1.67;256;0.05;10000;5;1.6689168916891688;144.29242992401123
Beaumont 2007 Basic;20;1.78;256;0.05;10000;5;1.7783878387838783;141.95131874084473
Beaumont 2007 Basic;20;1.8900000000000001;256;0.05;10000;5;1.889028902890289;140.23576045036316
Beaumont 2007 Basic;20;2.0;256;0.05;10000;5;1.9969396939693969;139.1470603942871
Beaumont 2007 Basic;20;1.01;256;0.1;10000;5;1.0105310531053104;141.01844143867493
Beaumont 2007 Basic;20;1.12;256;0.1;10000;5;1.1196119611961195;113.92333579063416
Beaumont 2007 Basic;20;1.23;256;0.1;10000;5;1.2297329732973297;102.74684619903564
Beaumont 2007 Basic;20;1.34;256;0.1;10000;5;1.3368636863686367;98.62912940979004
Beaumont 2007 Basic;20;1.45;256;0.1;10000;5;1.4486748674867487;93.84699296951294
Beaumont 2007 Basic;20;1.56;256;0.1;10000;5;1.5615261526152615;92.8739583492279
Beaumont 2007 Basic;20;1.67;256;0.1;10000;5;1.6745074507450743;90.9218602180481
Beaumont 2007 Basic;20;1.78;256;0.1;10000;5;1.776307630763076;90.632315158844
Beaumont 2007 Basic;20;1.8900000000000001;256;0.1;10000;5;1.8855185518551854;88.62919759750366
Beaumont 2007 Basic;20;2.0;256;0.1;10000;5;1.9965496549654964;89.88167786598206
Beaumont 2007 Basic;21;1.01;128;0.05;10000;5;1.0115711571157116;116.401606798172
Beaumont 2007 Basic;21;1.12;128;0.05;10000;5;1.1192219221922193;87.5623824596405
Beaumont 2007 Basic;21;1.23;128;0.05;10000;5;1.2293429342934292;75.25260782241821
Beaumont 2007 Basic;21;1.34;128;0.05;10000;5;1.338033803380338;69.35140991210938
Beaumont 2007 Basic;21;1.45;128;0.05;10000;5;1.442954295429543;66.65351700782776
Beaumont 2007 Basic;21;1.56;128;0.05;10000;5;1.553205320532053;64.8494713306427
Beaumont 2007 Basic;21;1.67;128;0.05;10000;5;1.6574757475747575;63.808363914489746
Beaumont 2007 Basic;21;1.78;128;0.05;10000;5;1.7629162916291627;62.65509557723999
Beaumont 2007 Basic;21;1.8900000000000001;128;0.05;10000;5;1.874207420742074;62.2365288734436
Beaumont 2007 Basic;21;2.0;128;0.05;10000;5;1.9804280428042802;61.28800845146179
Beaumont 2007 Basic;21;1.01;128;0.1;10000;5;1.0115711571157116;61.21256637573242
Beaumont 2007 Basic;21;1.12;128;0.1;10000;5;1.1184418441844184;48.725656509399414
Beaumont 2007 Basic;21;1.23;128;0.1;10000;5;1.227912791279128;43.56167411804199
Beaumont 2007 Basic;21;1.34;128;0.1;10000;5;1.3398539853985398;40.07951998710632
Beaumont 2007 Basic;21;1.45;128;0.1;10000;5;1.442044204420442;38.61625075340271
Beaumont 2007 Basic;21;1.56;128;0.1;10000;5;1.5525552555255524;37.581284523010254
Beaumont 2007 Basic;21;1.67;128;0.1;10000;5;1.6550055005500548;36.981383085250854
Beaumont 2007 Basic;21;1.78;128;0.1;10000;5;1.7625262526252623;36.3507399559021
Beaumont 2007 Basic;21;1.8900000000000001;128;0.1;10000;5;1.8675767576757674;36.446112632751465
Beaumont 2007 Basic;21;2.0;128;0.1;10000;5;1.9849784978497849;35.72492074966431
Beaumont 2007 Basic;21;1.01;256;0.05;10000;5;1.0104010401040104;254.97559666633606
Beaumont 2007 Basic;21;1.12;256;0.05;10000;5;1.1185718571857186;192.6358768939972
Beaumont 2007 Basic;21;1.23;256;0.05;10000;5;1.2284328432843283;167.5898642539978
Beaumont 2007 Basic;21;1.34;256;0.05;10000;5;1.3382938293829383;158.17099380493164
Beaumont 2007 Basic;21;1.45;256;0.05;10000;5;1.4446444644464447;150.58707094192505
Beaumont 2007 Basic;21;1.56;256;0.05;10000;5;1.5515151515151513;147.03191113471985
Beaumont 2007 Basic;21;1.67;256;0.05;10000;5;1.6594259425942592;150.07938051223755
